entry_id,surname,forename,destinations,stage_index,occupation_raw,age,hisco_code,hisclass,hiscam,tr_category,code_method,code_review,tr_absolute,tr_relative,code_tier
4,ADAMS,Albert Charles,Media,1,"Went to sea on leaving school, but soon returned home to become apprenticed to a draper, eventually setting up a shop on own account",,98140,11,52.91,Enttaeuschte,synonym,,Enttaeuschte,(indéterminé),statut
5,ADAMS,William Edwin,Media,1,Errand-boy (1844),,37040,9,55.72,Enttaeuschte,synonym,,Enttaeuschte,Enttaeuschte,statut
5,ADAMS,William Edwin,Media,2,apprentice printer (1846-53),,92110,7,67.59,Enttaeuschte,synonym,,Enttaeuschte,Anwaerter,statut
5,ADAMS,William Edwin,Media,3,"compositor (for 1 year on Linton’s English Republic, 1854-5)",,92120,7,61.68,Enttaeuschte,synonym,,Enttaeuschte,Enttaeuschte,statut
5,ADAMS,William Edwin,Media,4,regular contributor (’Caractacus’) to National Reformer and to Newcastle Chronicle (’Ironside’),,15915,2,86.98,Etablierte,synonym,,Etablierte,Etablierte,statut
5,ADAMS,William Edwin,Media,5,journalist (1863-),,15915,2,86.98,Etablierte,synonym,,Etablierte,Etablierte,statut
5,ADAMS,William Edwin,Media,6,editor of Newcastle Weekly Chronicle (1864-1900),,15920,2,82.12,Enttaeuschte,synonym,,Enttaeuschte,Etablierte,statut
6,AIRD,Andrew,Media,1,Employed in a Glasgow printshop,9,,,,,,,,,
6,AIRD,Andrew,Media,2,messenger-boy,12,37040,9,55.72,Enttaeuschte,synonym,,Enttaeuschte,Enttaeuschte,statut
6,AIRD,Andrew,Media,3,"apprentice compositor, becoming a journeyman in 1839",,92120,7,61.68,Enttaeuschte,synonym,,Enttaeuschte,Anwaerter,statut
6,AIRD,Andrew,Media,4,"foreman of print shop (for 7 years), then a manager",,21110,3,84.88,,generic,yes,Etablierte,Etablierte,trajectoire
8,ALDRED,Guy A.,Art+Media,1,Office-boy in an insurance doctor’s office (1901),,37040,9,55.72,Enttaeuschte,synonym,,Enttaeuschte,Enttaeuschte,statut
8,ALDRED,Guy A.,Art+Media,2,"office-sweeper in the National Press Agency, rising to become a ‘penny-a-liner’ for the London Letter column and, eventually, assistant sub-editor (for 5 years)",,,,,,,,,,
8,ALDRED,Guy A.,Art+Media,3,joined Editorial Intelligence Department of Daily Chronicle (to 1906),,,,,,,,,,
8,ALDRED,Guy A.,Art+Media,4,"contributed articles to numerous journals and newspapers, including Islington Gazette, Agnostic Journal, Freedom, Justice, The Social Democrat",,15915,2,86.98,Etablierte,synonym,,Etablierte,Etablierte,statut
8,ALDRED,Guy A.,Art+Media,5,"established the Bakunin Press (1907), publishing many of his own writings",,,,,,,,,,
13,AMMON,Charles George (Lord Ammon of Camberwell),Media,1,"Employed in a bottle factory at age 11, subsequently working at various jobs to age 14",,,,,,,,,,
13,AMMON,Charles George (Lord Ammon of Camberwell),Media,2,telegraph messenger (1887-92),,37040,9,55.72,Enttaeuschte,synonym,,Enttaeuschte,Enttaeuschte,statut
13,AMMON,Charles George (Lord Ammon of Camberwell),Media,3,sorter (1892-?),,,,,,,,,,
13,AMMON,Charles George (Lord Ammon of Camberwell),Media,4,spent most of his working life with the Post Office until forced to resign in 1916 because of political activities,,,,,,,,,,
13,AMMON,Charles George (Lord Ammon of Camberwell),Media,5,"held various trade union appointments, including general and organising secretary of Port of London Docks and Wharves Staff Association (1918-20)",,21110,1,84.88,Etablierte,synonym,yes,Etablierte,Anwaerter,statut
13,AMMON,Charles George (Lord Ammon of Camberwell),Media,6,organising secretary of Union of Post Office Workers (1920-8),,21110,1,84.88,Etablierte,synonym,yes,Etablierte,Bewahrende,statut
13,AMMON,Charles George (Lord Ammon of Camberwell),Media,7,MP (Lab) for North Camberwell (1922-31,,20110,1,93.36,Etablierte,synonym,,Etablierte,Etablierte,statut
13,AMMON,Charles George (Lord Ammon of Camberwell),Media,8,1935-44),,,,,,,,,,
18,ANDREWS,Elizabeth,Media,1,Assisted at home in raising young family,13,,,,,,,,,
18,ANDREWS,Elizabeth,Media,2,"dress-maker (from age 17), with own workroom by 1901, employing 2 apprentices",,,,,,,,,,
18,ANDREWS,Elizabeth,Media,3,in charge of workroom from 1905,,,,,,,,,,
18,ANDREWS,Elizabeth,Media,4,Labour Party Woman Organiser for Wales (1919-48),,,,,,,,,,
18,ANDREWS,Elizabeth,Media,5,appointed to the Glamorgan Health Executive Council (1948-),,,,,,,,,,
25,ASKHAM,John,Art+Media,1,Put to the trade of shoemaking before the age of 10,,,,,,,,,,
25,ASKHAM,John,Art+Media,2,"local correspondent to various newspapers, supplementing the earnings of his craft",,15915,2,86.98,Etablierte,synonym,,Etablierte,(indéterminé),statut
25,ASKHAM,John,Art+Media,3,school attendance officer (1874-5),,,,,,,,,,
25,ASKHAM,John,Art+Media,4,sanitary inspector (1875-90),,,,,,,,,,
38,BAMFORD,Samuel,Art+Media,1,"Worked the bobbin-wheel as a child, soon becoming a hand-loom weaver. Hand-loom weaving remained his chief employment but also worked for spells (notably during trade depressions) as a warehouseman, farm labourer and sailor. Eventually became a putter-out to weavers. In later life worked as a journalist",,,,,,,,,,
38,BAMFORD,Samuel,Art+Media,2,doorkeeper/messenger at Somerset House (1852),,37040,9,55.72,Enttaeuschte,synonym,,Enttaeuschte,(indéterminé),statut
38,BAMFORD,Samuel,Art+Media,3,and obtained a livelihood in old age by public poetry reading,,,,,,,,,,
42,BARCLAY,Thomas Patrick,Media,1,"At age 8 he worked turning the wheel at a rope factory, winding yarn for jacket weavers, peeling osier-rods, helping a rotary-hand and asa boot-finisher’s sweater. Apart from a brief period distributing tradesmen’s leaflets he worked as an unskilled labourer in many different factories in Leicester",,,,,,,,,,
54,BELL,Neil [pseud. Limited,Art+Media,1,"Apprentice shipwright, for 7 weeks only (1901)",,,,,,,,,,
54,BELL,Neil [pseud. Limited,Art+Media,2,teacher (1907-?),,13000,2,82.44,Etablierte,synonym,,Etablierte,Bewahrende,statut
54,BELL,Neil [pseud. Limited,Art+Media,3,freelance journalist,,15915,2,86.98,Etablierte,synonym,,Etablierte,Etablierte,statut
54,BELL,Neil [pseud. Limited,Art+Media,4,novelist and children’s author,,15120,2,79.8,Enttaeuschte,synonym,,Enttaeuschte,Enttaeuschte,statut
56,BELL,Thomas,Art+Media,1,"Carried milk for dairy farmer, becoming full-time assistant on leaving school (1894)",8,,,,,,,,,
56,BELL,Thomas,Art+Media,2,"van-boy to a mineral water manufacturer (for 18 months), then bottle-washer and labeller in same factory",,37040,9,55.72,Enttaeuschte,synonym,,Enttaeuschte,(indéterminé),statut
56,BELL,Thomas,Art+Media,3,"apprentice iron-moulder, remaining a foundry worker for rest of working life",,,,,,,,,,
59,BERTRAM,James Glass,Art+Media,1,"Bookseller’s apprentice (1837), becoming head clerk/manager by the age of 21",,41020,3,81.33,Bewahrende,synonym,yes,Bewahrende,Bewahrende,statut
59,BERTRAM,James Glass,Art+Media,2,actor/strolling player/’mummer’ (c.1846-9),,17320,4,63.79,Enttaeuschte,synonym,,Enttaeuschte,Enttaeuschte,statut
59,BERTRAM,James Glass,Art+Media,3,bookseller and newsagent (1849),,41020,3,81.33,Anwaerter,synonym,yes,Anwaerter,Anwaerter,statut
59,BERTRAM,James Glass,Art+Media,4,"contributor to various periodicals, including Chambers’s Journaland Hogg's Instructor",,15915,2,86.98,Etablierte,synonym,,Etablierte,Etablierte,statut
59,BERTRAM,James Glass,Art+Media,5,"editor, and later proprietor, of the North Briton (1855-73)",,15920,2,82.12,Enttaeuschte,synonym,,Enttaeuschte,Enttaeuschte,statut
59,BERTRAM,James Glass,Art+Media,6,proprietor of the short-run Bawbee (1856) and the slightly more successful Scottish Thistle (to 1859),,41020,3,81.33,Bewahrende,synonym,yes,Bewahrende,Bewahrende,statut
59,BERTRAM,James Glass,Art+Media,7,assistant editor of the Glasgow News (1873-4),,,,,,,,,,
59,BERTRAM,James Glass,Art+Media,8,"journalist and author, contributing to the provincial weekly press and miscellaneous periodicals (1874-92)",,15915,2,86.98,Etablierte,synonym,,Etablierte,Etablierte,statut
62,BETHUNE,Alexander,Art,1,Day-labourer from age 14,,99910,11,57.34,Enttaeuschte,synonym,,Enttaeuschte,Etablierte,statut
62,BETHUNE,Alexander,Art,2,worked briefly as a weaver (1825) and a turnkey. Was seriously injured in explosion at a quarry where he was working (1829),,75430,9,50.74,Enttaeuschte,synonym,,Enttaeuschte,Enttaeuschte,statut
67,BINNS,John,Media,1,Apprentice soap-boiler (1786-94),,,,,,,,,,
67,BINNS,John,Media,2,assistant to brother in plumbing business (1794-8),,,,,,,,,,
67,BINNS,John,Media,3,imprisoned (1798-1801),,,,,,,,,,
67,BINNS,John,Media,4,proprietor of the Republican Argus when living in Pennsylvania (1801-7),,41020,3,81.33,Bewahrende,synonym,yes,Bewahrende,Enttaeuschte,statut
67,BINNS,John,Media,5,"editor of the Democratic Press, when in Philadelphia (1807-)",,15920,2,82.12,Bewahrende,synonym,,Bewahrende,Etablierte,statut
70,BLATCHFORD,Robert Peel,Media,1,First employment was as odd-job boy in lithographic printing works,,,,,,,,,,
70,BLATCHFORD,Robert Peel,Media,2,apprentice brushmaker (c.1864/5-71?),,,,,,,,,,
70,BLATCHFORD,Robert Peel,Media,3,"enlisted in army, achieving rank of sergeant (1871-7)",,,,,,,,,,
70,BLATCHFORD,Robert Peel,Media,4,clerk/storekeeper (1877-85),,39310,5,69.59,,generic,yes,Bewahrende,Enttaeuschte,trajectoire
70,BLATCHFORD,Robert Peel,Media,5,"began writing career in 1882 when article published in The Yorkshireman, subsequently working as a weekly columnist and news reporter",,,,,,,,,,
70,BLATCHFORD,Robert Peel,Media,6,"resigned from Manchester Sunday Chronicle (1891), to start, with 4 others, the Clarion",,,,,,,,,,
70,BLATCHFORD,Robert Peel,Media,7,freelance journalist (from 1927),,15915,2,86.98,Etablierte,synonym,,Etablierte,Etablierte,statut
73,BONWICK,James,Art,1,‘Qualified’ teacher at age 15,,13000,2,82.44,Etablierte,synonym,,Etablierte,(indéterminé),statut
73,BONWICK,James,Art,2,"organised and conducted new school at Hemel Hempstead (1834), then moved to large boarding school at Bexley, and on to British School at Liverpool (1837). Taught briefly at Lancasterian school in Stoke Newington before emigrating to Australia (1840), where he taught, wrote text books, inspected schools and dug for gold. Made fortune from gold discoveries, land speculation and private boarding schools",,,,,,,,,,
82,BOWYER,William [pseud. of William Bowyer HONEY,Art,1,"Boy clerk with General Post Office (1904-9), then assistant clerk",,39310,5,69.59,,generic,yes,Bewahrende,(indéterminé),trajectoire
82,BOWYER,William [pseud. of William Bowyer HONEY,Art,2,"keeper in the Department of Ceramics, Victoria and Albert Museum (1938-50)",,,,,,,,,,
83,BRACE,William,Media,1,"Started work in the mines at age 12, and remained in the pits until elected miners’ agent for the Western Valleys District",24,45230,11,51.9,,generic,yes,Enttaeuschte,(indéterminé),trajectoire
83,BRACE,William,Media,2,"vice-president and president of the South Wales Miners’ Federation (until 1920). Elected MP for South Glamorgan in 1906, remaining in Parliament until his resignation in 1920 and acceptance of the post of labour adviser to the Ministry of Labour. Retired in 1927, though still acted as a consultant to government departments and continued to contribute articles to the Western Mail",,,,,,,,,,
84,BREARLEY,Harry,Art,1,"Employed for short periods in a shop, a stove-grate factory and in a doctor’s house",,,,,,,,,,
84,BREARLEY,Harry,Art,2,cellarlad in a steel-making furnace,,,,,,,,,,
84,BREARLEY,Harry,Art,3,bottle-washer in a chemical laboratory,12,,,,,,,,,
84,BREARLEY,Harry,Art,4,"laboratory assistant. Established reputation as ‘a solver of analytical problems and deviser of simplified methods of analysing steel’, and was employed in this capacity. Conducted own small business manufacturing a composite material",,,,,,,,,,
85,BRIERLEY,Benjamin,Art+Media,1,At age 5 had to assist in bread-winning by door-to-door hawking,,,,,,,,,,
85,BRIERLEY,Benjamin,Art+Media,2,"was later ‘put to the bobbin wheel’ at home, followed by a brief spell in a factory as a piecer, eventually becoming a domestic hand-loom weaver. During period of trade depression he found employment dragging coals from the coal pits. Moved to Manchester to work in various silk manufacturers’ warehouses (up to 1860s)",,,,,,,,,,
85,BRIERLEY,Benjamin,Art+Media,3,sub-editor on Oldham Times,,15920,2,82.12,Bewahrende,synonym,,Bewahrende,(indéterminé),statut
85,BRIERLEY,Benjamin,Art+Media,4,"adopted literature as his profession, contributing articles, poems and short stories to a variety of newspapers and journals",,,,,,,,,,
85,BRIERLEY,Benjamin,Art+Media,5,"editor of own journal, Country Words (1869-75), which was successful until death of daughter caused him to lose interest. Visited America and then returned to literary profession running his own Ben Brierley’s Journal (1869-91)",,15920,2,82.12,Bewahrende,synonym,,Bewahrende,(indéterminé),statut
86,BRITTON,John,Art,1,Assisted mother in making bread and working on the farm (1784-7),,,,,,,,,,
86,BRITTON,John,Art,2,apprenticed to a wine merchant (1887-93),,,,,,,,,,
86,BRITTON,John,Art,3,cellarman,,,,,,,,,,
86,BRITTON,John,Art,4,clerk in an attorney’s office,,39310,5,69.59,,generic,yes,Bewahrende,(indéterminé),trajectoire
86,BRITTON,John,Art,5,recited and sang in a theatre (1799),,,,,,,,,,
86,BRITTON,John,Art,6,"adopted writing as a profession, c.1799/1800, with his first book being published in 1799. Also served as surveyor and clerk to the local Board of Commissioners. Was granted a civil list pension of $75 in 1852",,39310,5,69.59,,generic,yes,Bewahrende,(indéterminé),trajectoire
91,BROOKS,Joseph Barlow,Art,1,"Started work at local mill as a half-timer at age 10 as an errand-boy, then as a reacher-in and as a cut-looker’s assistant (to age 13)",,,,,,,,,,
91,BROOKS,Joseph Barlow,Art,2,pupil-teacher (1887-92),,13000,2,82.44,Etablierte,synonym,,Etablierte,Bewahrende,statut
91,BROOKS,Joseph Barlow,Art,3,cashier’s clerk (1892-5),,39310,5,69.59,,generic,yes,Enttaeuschte,Enttaeuschte,trajectoire
91,BROOKS,Joseph Barlow,Art,4,Methodist circuit preacher (1896-1936),,14120,2,97.7,Etablierte,synonym,,Etablierte,Etablierte,statut
94,BROWN,Sir Edward,Media,1,"Worked in father’s business on leaving school, then became a poultry breeder (1871). The major part of his working life was devoted to promoting the productive side of poultry husbandry and included appointments as editor of the Live Stock Journal, member of a commission to enquire into the Irish poultry industry",,,,,,,,,,
94,BROWN,Sir Edward,Media,2,lecturer on poultry under the County Council scheme,,13000,2,82.44,Etablierte,synonym,yes,Etablierte,(indéterminé),statut
94,BROWN,Sir Edward,Media,3,lecturer at Reading University College (1895-1910),,13000,2,82.44,Etablierte,synonym,yes,Etablierte,(indéterminé),statut
94,BROWN,Sir Edward,Media,4,owner of College Poultry Farm at Theale (1910-),,,,,,,,,,
103,BULLEN,Frank Thomas,Art+Media,1,Sent to live and work in a laundry at age 9,,,,,,,,,,
103,BULLEN,Frank Thomas,Art+Media,2,"employed in various other jobs between the ages of 9 and 12, including errand-boy",,,,,,,,,,
103,BULLEN,Frank Thomas,Art+Media,3,milkboy,,,,,,,,,,
103,BULLEN,Frank Thomas,Art+Media,4,‘boy of all work’ at a ‘lath-renders’ and at a paper-pattern maker’s,,,,,,,,,,
103,BULLEN,Frank Thomas,Art+Media,5,chemist’s lad,,,,,,,,,,
103,BULLEN,Frank Thomas,Art+Media,6,street urchin,,,,,,,,,,
103,BULLEN,Frank Thomas,Art+Media,7,billiard marker,,,,,,,,,,
103,BULLEN,Frank Thomas,Art+Media,8,"moulder’s assistant. He was then employed as a seaman for about 15 years, serving in almost every capacity except that of a master, having started as a cabin-boy. Came ashore when in his mid/late twenties and got work as a clerk in the Civil Service, later combining this with a business concerned with buying and selling fancy goods and as a carver, gilder and picture-frame maker. Suffered from business difficulties and threatened bankruptcy. Fortunes again took an upward turn when he was appointed to the staff of the Morning Leader when aged 42, followed by a successful life as public speaker engaged on lecture tours at home and abroad. Author",42,39310,5,69.59,,generic,yes,Bewahrende,(indéterminé),trajectoire
108,BURGESS,Joseph,Art+Media,1,"Started work in a card-cutting room at age 6, remaining full-time for 2 years",,,,,,,,,,
108,BURGESS,Joseph,Art+Media,2,"half-time ‘little piecer’ from age 8-13, then full-time as a ‘big piecer’",,,,,,,,,,
108,BURGESS,Joseph,Art+Media,3,"worked as a cotton operative until aged 28, but with short spells in a print works and a cardsheet manufactory",28,,,,,,,,,
108,BURGESS,Joseph,Art+Media,4,correspondent for local newspaper (1881-4),,15915,2,86.98,Etablierte,synonym,,Etablierte,Etablierte,statut
108,BURGESS,Joseph,Art+Media,5,"started own (short-lived) paper, the Oldham Operative (1884)",,,,,,,,,,
108,BURGESS,Joseph,Art+Media,6,sub-editor of the Cotton Factory Times (1885-9),,15920,2,82.12,Enttaeuschte,synonym,,Enttaeuschte,Enttaeuschte,statut
108,BURGESS,Joseph,Art+Media,7,manager of Yorkshire Factory Times (1889-91),,21110,1,84.88,Etablierte,synonym,yes,Etablierte,Anwaerter,statut
108,BURGESS,Joseph,Art+Media,8,editor of Workman's Times (1891-3),,15920,2,82.12,Bewahrende,synonym,,Bewahrende,Enttaeuschte,statut
108,BURGESS,Joseph,Art+Media,9,"continued to work as a journalist, poet and writer",,,,,,,,,,
108,BURGESS,Joseph,Art+Media,10,organising secretary for Independent Labour Party (1897-1902),,21110,1,84.88,Etablierte,synonym,yes,Etablierte,Anwaerter,statut
108,BURGESS,Joseph,Art+Media,11,serial writer,,15120,2,79.8,Enttaeuschte,synonym,,Enttaeuschte,Enttaeuschte,statut
108,BURGESS,Joseph,Art+Media,12,socialist propagandist and lecturer (1895-1914),,21110,1,84.88,Etablierte,synonym,yes,Etablierte,Anwaerter,statut
108,BURGESS,Joseph,Art+Media,13,editor of Bradford Pioneer (1914),,15920,2,82.12,Bewahrende,synonym,,Bewahrende,Enttaeuschte,statut
108,BURGESS,Joseph,Art+Media,14,on editorial staff of the London Evening Standard (1919) and Pall Mall Gazette,,,,,,,,,,
109,,,Art+Media,1,Draper’s-boy,14,41020,3,81.33,Bewahrende,synonym,yes,Bewahrende,Etablierte,statut
109,,,Art+Media,2,boot-cleaner and tap-polisher in an hotel,14,,,,,,,,,
109,,,Art+Media,3,clerk in a commercial office,15,39310,5,69.59,,generic,yes,Enttaeuschte,Enttaeuschte,trajectoire
109,,,Art+Media,4,employed in an advertising agency and as a theatre utility man,,,,,,,,,,
109,,,Art+Media,5,assistant to second-hand bookseller,,,,,,,,,,
109,,,Art+Media,6,spent 7 years in the office of a literary agency,,,,,,,,,,
109,,,Art+Media,7,received commissions which enabled him to devote himself to literary work,,,,,,,,,,
110,BURLAND,John Hugh,Media,1,Employed in the hand-loom weaving industry for several years after leaving school,,75430,9,50.74,Enttaeuschte,synonym,,Enttaeuschte,Enttaeuschte,statut
110,BURLAND,John Hugh,Media,2,in later life worked as a teacher at the Oddfellows Sunday School (c.1838),,13000,2,82.44,Etablierte,synonym,,Etablierte,Etablierte,statut
110,BURLAND,John Hugh,Media,3,teacher (1844-5),,13000,2,82.44,Etablierte,synonym,,Etablierte,Etablierte,statut
110,BURLAND,John Hugh,Media,4,headmaster (1857-68),,,,,,,,,,
110,BURLAND,John Hugh,Media,5,grocer (1868-76),,41020,3,81.33,Bewahrende,synonym,yes,Bewahrende,Etablierte,statut
110,BURLAND,John Hugh,Media,6,school warden (1876-). Also contributed many articles to local newspapers and was employed as the local (Barnsley) correspondent,,15915,2,86.98,Etablierte,synonym,,Etablierte,Etablierte,statut
111,BURN,James Dawson,Media,1,"Variously employed in his youth, including bobbin-winder, beggar, hawker, agricultural labourer (from an early age to c.1822), apprentice felt-hat maker (1822-29). Set up business on own account, on more than one occasion, but was unsuccessful (c.1835-6?). Subsequently worked as a publican (1836-9)",,,,,,,,,,
111,BURN,James Dawson,Media,2,commercial traveller,,43220,4,73.55,Bewahrende,synonym,,Bewahrende,Bewahrende,statut
111,BURN,James Dawson,Media,3,warehouseman,,97145,11,56.66,Enttaeuschte,synonym,yes,Enttaeuschte,Enttaeuschte,statut
111,BURN,James Dawson,Media,4,salesman,,43220,4,73.55,Anwaerter,synonym,,Anwaerter,Anwaerter,statut
111,BURN,James Dawson,Media,5,book deliverer,,,,,,,,,,
111,BURN,James Dawson,Media,6,compiler of commercial directories,,,,,,,,,,
111,BURN,James Dawson,Media,7,collector of subscriptions for commercial magazine (c.1853),,,,,,,,,,
111,BURN,James Dawson,Media,8,debt collector of subscriptions for the Ladies Journal,,,,,,,,,,
111,BURN,James Dawson,Media,9,manager of office,,21110,1,84.88,Etablierte,synonym,yes,Etablierte,Etablierte,statut
111,BURN,James Dawson,Media,10,hatter (c.1864-5),,,,,,,,,,
111,BURN,James Dawson,Media,11,journalist on Hexham Courant,,15915,2,86.98,Etablierte,synonym,,Etablierte,Etablierte,statut
111,BURN,James Dawson,Media,12,clerk (to 1871),,39310,5,69.59,,generic,yes,Enttaeuschte,Enttaeuschte,trajectoire
111,BURN,James Dawson,Media,13,inspector of stores for Great Eastern Railway Company (1871-81),,,,,,,,,,
114,BURT,Thomas,Media,1,Commenced work as a pit-lad,10,,,,,,,,,
114,BURT,Thomas,Media,2,employed at various tasks underground (trapper,,,,,,,,,,
114,BURT,Thomas,Media,3,donkey and pony-driver,,,,,,,,,,
114,BURT,Thomas,Media,4,pony-putting,,,,,,,,,,
114,BURT,Thomas,Media,5,"water-leader), until he became a coal-hewer. Left the pit in 1865 to become full-time secretary and agent of the Northumberland Miners’ Mutual Confident Association (to 1913)",17,45230,11,51.9,,generic,yes,Enttaeuschte,Enttaeuschte,trajectoire
114,BURT,Thomas,Media,6,MP (Lib and Lab) for Morpeth (1874- 1918),,20110,1,93.36,Etablierte,synonym,,Etablierte,Etablierte,statut
123,CAMPBELL,Duncan,Media,1,Assisted on father’s farm,,,,,,,,,,
123,CAMPBELL,Duncan,Media,2,jack-of-all-trades,15,,,,,,,,,
123,CAMPBELL,Duncan,Media,3,schoolteacher (1848-60),,13000,2,82.44,Etablierte,synonym,,Etablierte,Etablierte,statut
123,CAMPBELL,Duncan,Media,4,"editor of Bradford Observer (from 1860) and for over 26 years of the Northern Chronicle, Inverness",,15920,2,82.12,Bewahrende,synonym,,Bewahrende,Enttaeuschte,statut
124,CAMPION,Sidney Roland,Media,1,"From age 10-14 he sold newspapers after school, and then was employed in various jobs including errand-boy, delivery-boy, machine operative, doctor’s receptionist, seam-presser and in other factory labour. Apprenticed to be a wood-cutting machinist, but left job to go to London to become a journalist",,,,,,,,,,
126,CARDUS,Neville,Art+Media,1,"Earned first money at age 10 as a pavement artist, and then occupied in various odd-jobs after leaving school before becoming a clerk in a marine insurance company (1904-12)",,39310,5,69.59,,generic,yes,Bewahrende,Bewahrende,trajectoire
126,CARDUS,Neville,Art+Media,2,assistant cricket coach at Shrewsbury School (1912),,,,,,,,,,
126,CARDUS,Neville,Art+Media,3,"secretary to Cyril Alington, headmaster at Shrewsbury School (to 1916)",,21110,1,84.88,Etablierte,synonym,yes,Etablierte,Etablierte,statut
126,CARDUS,Neville,Art+Media,4,casual labourer (1916),,99910,11,57.34,Enttaeuschte,synonym,,Enttaeuschte,Enttaeuschte,statut
126,CARDUS,Neville,Art+Media,5,‘penny-a-line’ writer for the Daily Citizen (1916),,15120,2,79.8,Anwaerter,synonym,,Anwaerter,Anwaerter,statut
126,CARDUS,Neville,Art+Media,6,agent for Burial Society (1916),,45230,11,51.9,,generic,yes,Enttaeuschte,Enttaeuschte,trajectoire
126,CARDUS,Neville,Art+Media,7,unpaid secretary to C. P. Scott (1916),,21110,1,84.88,Etablierte,synonym,yes,Etablierte,Etablierte,statut
126,CARDUS,Neville,Art+Media,8,"reporter on the Manchester Guardian (1917), eventually becoming its music and dramatic critic and cricket correspondent",,15915,2,86.98,Etablierte,synonym,,Etablierte,Etablierte,statut
135,CATLING,Thomas Thurgood,Media,1,"Forced to start work at age 11 owing to decline in father’s business, commencing in the offices of the Cambridge Chronicle",,,,,,,,,,
135,CATLING,Thomas Thurgood,Media,2,reading-boy,,37040,9,55.72,Enttaeuschte,synonym,,Enttaeuschte,Enttaeuschte,statut
135,CATLING,Thomas Thurgood,Media,3,"apprentice compositor (5 years) on Lloyd’s Weekly Newspaper, remaining with the same paper all his working life, rising from compositor to sub-editor and, eventually, editor. Retired, 1907",,92120,7,61.68,Enttaeuschte,synonym,,Enttaeuschte,Etablierte,statut
136,CATTON,Samuel,Media,1,Cowherd (c.1800),,61220,8,50.88,Enttaeuschte,synonym,,Enttaeuschte,(indéterminé),statut
136,CATTON,Samuel,Media,2,engaged at a timber carter’s (1801-3),,,,,,,,,,
136,CATTON,Samuel,Media,3,ploughboy (1804-11?),,61220,8,50.88,Enttaeuschte,synonym,,Enttaeuschte,(indéterminé),statut
136,CATTON,Samuel,Media,4,"employed in chemical works (to 1820), but forced to leave through ill-health",,,,,,,,,,
136,CATTON,Samuel,Media,5,took a general shop at Plaistow (1820-56),,,,,,,,,,
143,’CHAT’,(CHATTERTON,Art+Media,1,Apprenticed to a bootmaker (1833),,80110,7,52.83,Enttaeuschte,synonym,,Enttaeuschte,(indéterminé),statut
143,’CHAT’,(CHATTERTON,Art+Media,2,"journeyman before 21, but unsuccessful due to ill-health",,,,,,,,,,
143,’CHAT’,(CHATTERTON,Art+Media,3,"enlisted in 77th Foot Regiment (1855), but discharged in 1856 due to ill-health. Not stated what he does after this",,,,,,,,,,
147,CHURCH,Richard,Art+Media,1,Civil servant (1909-33),,54010,9,41.43,Enttaeuschte,synonym,,Enttaeuschte,Enttaeuschte,statut
147,CHURCH,Richard,Art+Media,2,editor for publishing company (1933-51),,15920,2,82.12,Anwaerter,synonym,,Anwaerter,Etablierte,statut
147,CHURCH,Richard,Art+Media,3,"lecturer for the British Council throughout Europe, India and Africa",,13000,2,82.44,Etablierte,synonym,yes,Etablierte,Etablierte,statut
147,CHURCH,Richard,Art+Media,4,"poet, novelist and literary critic",,15120,2,79.8,Bewahrende,synonym,,Bewahrende,Etablierte,statut
150,CITRINE,(Lord) Walter,Media,1,Employed in casual jobs on leaving school before settling for a longer period in a flour-mill,,,,,,,,,,
150,CITRINE,(Lord) Walter,Media,2,apprenticed with a firm of electrical contractors,,,,,,,,,,
150,CITRINE,(Lord) Walter,Media,3,electrical engineer (to 1914),,84170,9,66.11,Enttaeuschte,synonym,yes,Enttaeuschte,Enttaeuschte,statut
150,CITRINE,(Lord) Walter,Media,4,elected the first full-time district secretary of the Electrical Trades Union in 1914,,21110,1,84.88,Etablierte,synonym,yes,Etablierte,Etablierte,statut
150,CITRINE,(Lord) Walter,Media,5,assistant general secretary of the ETU (1920-4),,,,,,,,,,
150,CITRINE,(Lord) Walter,Media,6,"assistant general secretary of the TUC (1924-6), and general secretary (1926-46)",,,,,,,,,,
150,CITRINE,(Lord) Walter,Media,7,member of National Coal Board (1946-7),,,,,,,,,,
150,CITRINE,(Lord) Walter,Media,8,chairman of the British Electrical Authority (1947-57),,,,,,,,,,
155,CLARKE,(Charles) Allen [published under the pseudonym of ‘Ben Adhem’,Art+Media,1,Half-timer in a cotton mill (1876),,,,,,,,,,
155,CLARKE,(Charles) Allen [published under the pseudonym of ‘Ben Adhem’,Art+Media,2,errand-boy (1876),,37040,9,55.72,Enttaeuschte,synonym,,Enttaeuschte,Enttaeuschte,statut
155,CLARKE,(Charles) Allen [published under the pseudonym of ‘Ben Adhem’,Art+Media,3,piecer (1876),,,,,,,,,,
155,CLARKE,(Charles) Allen [published under the pseudonym of ‘Ben Adhem’,Art+Media,4,pupil-teacher/teacher (1877-84),,13000,2,82.44,Etablierte,synonym,,Etablierte,Etablierte,statut
155,CLARKE,(Charles) Allen [published under the pseudonym of ‘Ben Adhem’,Art+Media,5,"employed by Bolton Evening News, compiling Post Office Directory (1884-90)",,,,,,,,,,
155,CLARKE,(Charles) Allen [published under the pseudonym of ‘Ben Adhem’,Art+Media,6,"produced his own papers, the Labour Light (1890), and the Bolton Trader (1891)",,,,,,,,,,
155,CLARKE,(Charles) Allen [published under the pseudonym of ‘Ben Adhem’,Art+Media,7,employed by the Catton Factory Times (1892-6),,,,,,,,,,
155,CLARKE,(Charles) Allen [published under the pseudonym of ‘Ben Adhem’,Art+Media,8,"editor of the Blackpool Echo (1896-1900), and founder of Teddy Ashton’s Journal (1896-1908)",,15920,2,82.12,Bewahrende,synonym,,Bewahrende,Etablierte,statut
155,CLARKE,(Charles) Allen [published under the pseudonym of ‘Ben Adhem’,Art+Media,9,editor of the Northern Weekly (1900-6),,15920,2,82.12,Bewahrende,synonym,,Bewahrende,Etablierte,statut
155,CLARKE,(Charles) Allen [published under the pseudonym of ‘Ben Adhem’,Art+Media,10,kept a small shop in Blackpool (1906-?),,,,,,,,,,
172,COOMBES,Bert Lewis,Art,1,Worked on father’s farm,14,,,,,,,,,
172,COOMBES,Bert Lewis,Art,2,"then began 42 years underground, first as a miner’s helper, then a collier and for 15 years as an ambulance man",,,,,,,,,,
176,COOPER,Robert,Media,1,Clerk in office of Manchester house (1831-40),,39310,5,69.59,,generic,yes,Bewahrende,Enttaeuschte,trajectoire
176,COOPER,Robert,Media,2,teacher at Co-operative Schools and secular schools (1833-40),,13000,2,82.44,Etablierte,synonym,,Etablierte,Etablierte,statut
176,COOPER,Robert,Media,3,‘Social Missionary’ lecturer (1840-6),,14130,4,67.76,Enttaeuschte,synonym,,Enttaeuschte,Enttaeuschte,statut
176,COOPER,Robert,Media,4,part-time lecturer and clerk (1846-54),,13000,2,82.44,Etablierte,synonym,yes,Etablierte,Etablierte,statut
176,COOPER,Robert,Media,5,editor of London Investigator (1854-7),,15920,2,82.12,Bewahrende,synonym,,Bewahrende,Etablierte,statut
176,COOPER,Robert,Media,6,had own accountant’s office in Manchester (?-1866),,,,,,,,,,
176,COOPER,Robert,Media,7,supported by sons in later life,,,,,,,,,,
177,COOPER,Thomas,Art+Media,1,Employed (not apprenticed) by various master shoemakers (1820-3),,80110,7,52.83,Enttaeuschte,synonym,,Enttaeuschte,Enttaeuschte,statut
177,COOPER,Thomas,Art+Media,2,worked at shoemaking from home (1823-7),,80110,7,52.83,Enttaeuschte,synonym,,Enttaeuschte,Enttaeuschte,statut
177,COOPER,Thomas,Art+Media,3,opened own school (1828),,,,,,,,,,
177,COOPER,Thomas,Art+Media,4,schoolmaster (1833-6),,13000,2,82.44,Etablierte,synonym,,Etablierte,Anwaerter,statut
177,COOPER,Thomas,Art+Media,5,journalist and contributor to various periodicals from c.1834 on,,15915,2,86.98,Etablierte,synonym,,Etablierte,Anwaerter,statut
177,COOPER,Thomas,Art+Media,6,"edited and published various newspapers, including The Midland Counties Illuminator, The Chartist Rushlight, Cooper's Journal and copyist (1856-8)",,,,,,,,,,
177,COOPER,Thomas,Art+Media,7,itinerant preacher (1858-72),,14120,2,97.7,Etablierte,synonym,,Etablierte,Etablierte,statut
178,COPPARD,Alfred Edgar,Art,1,Assistant to paraffin and firewood seller (1887),,,,,,,,,,
178,COPPARD,Alfred Edgar,Art,2,errand-boy in tailor’s shop (1888-90),,37040,9,55.72,Enttaeuschte,synonym,,Enttaeuschte,Enttaeuschte,statut
178,COPPARD,Alfred Edgar,Art,3,messenger-boy for Reuter’s Telegraph Agency (1891),,37040,9,55.72,Enttaeuschte,synonym,,Enttaeuschte,Enttaeuschte,statut
178,COPPARD,Alfred Edgar,Art,4,office-boy to an auctioneer (1901),,37040,9,55.72,Enttaeuschte,synonym,,Enttaeuschte,Enttaeuschte,statut
178,COPPARD,Alfred Edgar,Art,5,junior clerk to a butter and cheese merchant,,39310,5,69.59,,generic,yes,Anwaerter,Anwaerter,trajectoire
178,COPPARD,Alfred Edgar,Art,6,clerk with the Sunlight Soap Company (?- 1897),,39310,5,69.59,,generic,yes,Bewahrende,Bewahrende,trajectoire
178,COPPARD,Alfred Edgar,Art,7,clerk to a carriers company (1897-9),,39310,5,69.59,,generic,yes,Bewahrende,Bewahrende,trajectoire
178,COPPARD,Alfred Edgar,Art,8,departmental clerk and cashier with engineering firm (1899-1907),,39310,5,69.59,,generic,yes,Bewahrende,Bewahrende,trajectoire
178,COPPARD,Alfred Edgar,Art,9,confidential clerk at the Eagle Ironworks (1907-19),,39310,5,69.59,,generic,yes,Bewahrende,Bewahrende,trajectoire
178,COPPARD,Alfred Edgar,Art,10,professional writer (1919-),,15120,2,79.8,Anwaerter,synonym,,Anwaerter,Etablierte,statut
188,CROLL,James,Media,1,Left school (c.1834) to assist mother at home,,,,,,,,,,
188,CROLL,James,Media,2,apprentice millwright (1837-41),,,,,,,,,,
188,CROLL,James,Media,3,journeyman millwright (1841-3),,,,,,,,,,
188,CROLL,James,Media,4,house-joiner (1844-6),,95420,7,53.84,Enttaeuschte,synonym,,Enttaeuschte,Enttaeuschte,statut
188,CROLL,James,Media,5,tea salesman (1846-7),,43220,4,73.55,Anwaerter,synonym,,Anwaerter,Etablierte,statut
188,CROLL,James,Media,6,opened tea shop with borrowed capital (1847-52),,,,,,,,,,
188,CROLL,James,Media,7,ran a temperance hotel (1852-3),,,,,,,,,,
188,CROLL,James,Media,8,insurance agent (1853-8),,45230,11,51.9,,generic,yes,Enttaeuschte,Enttaeuschte,trajectoire
188,CROLL,James,Media,9,employed on the staff of the Commonwealth (1858-9),,,,,,,,,,
188,CROLL,James,Media,10,curator of Anderson’s College and Museum (1859-67),,,,,,,,,,
188,CROLL,James,Media,11,joined the Geological Survey unit of the Civil Service (1867-80). Was earning $350 p.a. when forced to retire through disability,,,,,,,,,,
195,CUMMINS,Jack,Media,1,"Worked for short time in printing trade on leaving school, before taking employment as a semi-skilled improver",,92110,7,67.59,Enttaeuschte,synonym,,Enttaeuschte,(indéterminé),statut
195,CUMMINS,Jack,Media,2,served in the London Rifle Brigade during World War I,,,,,,,,,,
195,CUMMINS,Jack,Media,3,"returned to the printing trade after the war as a guillotine cutter, and then a department overseer, staying with one firm for 40 years",,92110,7,67.59,Enttaeuschte,synonym,,Enttaeuschte,(indéterminé),statut
200,DAVIES,David Richard,Art+Media,1,Errand-boy to a grocer (c.1899),,37040,9,55.72,Enttaeuschte,synonym,,Enttaeuschte,Enttaeuschte,statut
200,DAVIES,David Richard,Art+Media,2,"colliery worker as ‘door-boy’, labourer, repairer’s assistant and coal-hewer (1902-12)",,,,,,,,,,
200,DAVIES,David Richard,Art+Media,3,stoker on merchant tramp steamer (1910),,,,,,,,,,
200,DAVIES,David Richard,Art+Media,4,student minister (1906),,14120,2,97.7,Etablierte,synonym,,Etablierte,Etablierte,statut
200,DAVIES,David Richard,Art+Media,5,ordained a minister (1919),,14120,2,97.7,Etablierte,synonym,,Etablierte,Etablierte,statut
200,DAVIES,David Richard,Art+Media,6,minister (to 1928),,14120,2,97.7,Etablierte,synonym,,Etablierte,Etablierte,statut
200,DAVIES,David Richard,Art+Media,7,"wrote and published articles on politics, economics and philosophy (1929)",,,,,,,,,,
200,DAVIES,David Richard,Art+Media,8,employed addressing envelopes (c.1929),,,,,,,,,,
200,DAVIES,David Richard,Art+Media,9,freelance lecturer,,13000,2,82.44,Etablierte,synonym,yes,Etablierte,Enttaeuschte,statut
200,DAVIES,David Richard,Art+Media,10,editor of New Britain Quarterly (1932-8),,15920,2,82.12,Bewahrende,synonym,,Bewahrende,Bewahrende,statut
200,DAVIES,David Richard,Art+Media,11,"returned to the ministry (1939), and ordained a deacon (1941)",,,,,,,,,,
202,DAVIES,William Henry,Art,1,Started work as assistant to an ironmonger,,,,,,,,,,
202,DAVIES,William Henry,Art,2,apprentice picture-framer (to age 20),,,,,,,,,,
202,DAVIES,William Henry,Art,3,tramp,,,,,,,,,,
202,DAVIES,William Henry,Art,4,hawker of small wares,,,,,,,,,,
210,DOTTIE,Robert,Media,1,Errand-boy,,37040,9,55.72,Enttaeuschte,synonym,,Enttaeuschte,Enttaeuschte,statut
210,DOTTIE,Robert,Media,2,employed at a milliner’s,,,,,,,,,,
210,DOTTIE,Robert,Media,3,in service at a firm of leading Manchester merchants (for 42 years),,,,,,,,,,
210,DOTTIE,Robert,Media,4,held public recitations,,,,,,,,,,
210,DOTTIE,Robert,Media,5,actor,,17320,4,63.79,Enttaeuschte,synonym,,Enttaeuschte,Etablierte,statut
210,DOTTIE,Robert,Media,6,vocalist,,,,,,,,,,
214,DUNCAN,Charles,Media,1,Apprentice engineer (1881),,84170,9,66.11,Enttaeuschte,synonym,yes,Enttaeuschte,Enttaeuschte,statut
214,DUNCAN,Charles,Media,2,unemployed in early 1890s but active in organising relief funds and soup kitchens,,,,,,,,,,
214,DUNCAN,Charles,Media,3,full-time president and general organiser of Workers’ Union (1898- 1900),,,,,,,,,,
214,DUNCAN,Charles,Media,4,general secretary of WU (1900-29),,21110,1,84.88,Etablierte,synonym,yes,Etablierte,Etablierte,statut
214,DUNCAN,Charles,Media,5,"secretary of WU group within Transport and General Workers’ Union (from 1929). MP for Barrow-in-Furness (1906-18), and for Clay Cross (1922-33)",,21110,1,84.88,Etablierte,synonym,yes,Etablierte,Etablierte,statut
219,EDWARDS,Fred W.,Media,1,Ever since leaving school his occupation had been selling newspapers,,,,,,,,,,
219,EDWARDS,Fred W.,Media,2,"also, junior reporter to 3 provincial newspapers",,15915,2,86.98,Etablierte,synonym,,Etablierte,(indéterminé),statut
222,EDWARDS,John Passmore,Art+Media,1,Assisted father in brewing and gardening (1835-c.1842),,,,,,,,,,
222,EDWARDS,John Passmore,Art+Media,2,under-clerk to a lawyer (18 months),,39310,5,69.59,,generic,yes,Bewahrende,Bewahrende,trajectoire
222,EDWARDS,John Passmore,Art+Media,3,agent for the Sentinel (15 months),,45230,11,51.9,,generic,yes,Enttaeuschte,Enttaeuschte,trajectoire
222,EDWARDS,John Passmore,Art+Media,4,"began over fifty years connection with newspapers and magazines, first as a journalist and then as proprietor of various journals, including The Public Good (from 1850)",,41020,3,81.33,,generic,yes,Anwaerter,Anwaerter,trajectoire
222,EDWARDS,John Passmore,Art+Media,5,Building News (from 1862),,,,,,,,,,
222,EDWARDS,John Passmore,Art+Media,6,Mechanics’ Magazine (from 1869),,84100,7,66.2,Enttaeuschte,synonym,,Enttaeuschte,Enttaeuschte,statut
222,EDWARDS,John Passmore,Art+Media,7,the Echo (from 1876). MP for Salisbury (1880-5),,20110,1,93.36,Etablierte,synonym,,Etablierte,Etablierte,statut
225,ELDRED,John,Art+Media,1,"Errand-boy in a newspaper office (1899), becoming editor’s secretary and then a journalist",,37040,9,55.72,Enttaeuschte,synonym,,Enttaeuschte,(indéterminé),statut
225,ELDRED,John,Art+Media,2,career interrupted by military service (1914-19),,,,,,,,,,
225,ELDRED,John,Art+Media,3,"resumed former job on discharge but from 1920 started as an independent and freelance writer publishing short stories, articles and sketches under various pseudonyms",,,,,,,,,,
233,EVETT,Paul,Media,1,First employment was in a rope and twine factory,,,,,,,,,,
233,EVETT,Paul,Media,2,apprenticed to printing firm in Colchester for 6 years (c.1900-6),,92110,7,67.59,Enttaeuschte,synonym,,Enttaeuschte,Etablierte,statut
233,EVETT,Paul,Media,3,"journeyman compositor (1906-). Engaged in odd-jobs after the war before becoming an assistant reader, and eventually a reader for the Law Times, and then for the Financial Times (1928-40)",,92120,7,61.68,Enttaeuschte,synonym,,Enttaeuschte,Enttaeuschte,statut
235,FARISH,William,Media,1,"Was put to the bobbin-wheel at age 8, and to the loom before age 10",,,,,,,,,,
235,FARISH,William,Media,2,then employed at calico print works (1833) and a ‘beetling’ works (1834?),,,,,,,,,,
235,FARISH,William,Media,3,‘on the tramp',,,,,,,,,,
235,FARISH,William,Media,4,"teacher at evening school (1842) and at a township school at Blackwell, Carlisle (1842-5)",,13000,2,82.44,Etablierte,synonym,,Etablierte,Etablierte,statut
235,FARISH,William,Media,5,warper (1845-6),,,,,,,,,,
235,FARISH,William,Media,6,outside clerk and timekeeper on railway construction work (1846-7),,39310,5,69.59,,generic,yes,Enttaeuschte,Enttaeuschte,trajectoire
235,FARISH,William,Media,7,"commercial traveller, or ‘bagman’ (1847)",,43220,4,73.55,Enttaeuschte,synonym,,Anwaerter,Anwaerter,statut
235,FARISH,William,Media,8,"‘putter out’ to gingham weavers at Blackburn, and warper in same works (c.1847-8)",,,,,,,,,,
235,FARISH,William,Media,9,clerk and timekeeper (1848),,39310,5,69.59,,generic,yes,Enttaeuschte,Enttaeuschte,trajectoire
235,FARISH,William,Media,10,clerk and superintendent on railway construction work (1850-3),,39310,5,69.59,,generic,yes,Bewahrende,Bewahrende,trajectoire
235,FARISH,William,Media,11,agent for Temperance and General Provident Institution (1853-4),,45230,11,51.9,,generic,yes,Enttaeuschte,Enttaeuschte,trajectoire
235,FARISH,William,Media,12,editor of (radical) Cheshire Observer (1854),,15920,2,82.12,Anwaerter,synonym,,Anwaerter,Etablierte,statut
235,FARISH,William,Media,13,agent for a large N.Wales colliery company (1856-7),,45230,11,51.9,,generic,yes,Enttaeuschte,Enttaeuschte,trajectoire
235,FARISH,William,Media,14,"arranged with company for business to be transferred to self (1857), and henceforward the coal trade formed the staple of his commercial life",,,,,,,,,,
238,FARNINGHAM,Marianne [pen-name of Marianne HEARN,Art+Media,1,Teaching assistant (1852),,,,,,,,,,
238,FARNINGHAM,Marianne [pen-name of Marianne HEARN,Art+Media,2,Sunday School teacher,,13000,2,82.44,Etablierte,synonym,,Etablierte,Bewahrende,statut
238,FARNINGHAM,Marianne [pen-name of Marianne HEARN,Art+Media,3,teacher (1857),,13000,2,82.44,Etablierte,synonym,,Etablierte,Bewahrende,statut
238,FARNINGHAM,Marianne [pen-name of Marianne HEARN,Art+Media,4,headmistress (1859),,,,,,,,,,
238,FARNINGHAM,Marianne [pen-name of Marianne HEARN,Art+Media,5,contributor to religious journals,,15915,2,86.98,Etablierte,synonym,,Etablierte,Etablierte,statut
238,FARNINGHAM,Marianne [pen-name of Marianne HEARN,Art+Media,6,poet,,15120,2,79.8,Enttaeuschte,synonym,,Enttaeuschte,Enttaeuschte,statut
238,FARNINGHAM,Marianne [pen-name of Marianne HEARN,Art+Media,7,author,,15120,2,79.8,Bewahrende,synonym,,Bewahrende,Enttaeuschte,statut
245,FOX,Richard Michael,Media,1,"Factory labourer in works manufacturing motor-cycle engines, parts for lorries and armaments (from age 14 to 1916). In later life made a living from journalism and freelance writing",,99910,11,57.34,Enttaeuschte,synonym,,Enttaeuschte,(indéterminé),statut
247,FRANCIS,W.J.,Media,1,Left school to assist in printing business managed by father (1861-5),,,,,,,,,,
247,FRANCIS,W.J.,Media,2,worked in various print shops in London until he was ‘stood off’ when trade was slack,,,,,,,,,,
247,FRANCIS,W.J.,Media,3,"returned to work with father, before accepting offer of a share in the business (1871)",,,,,,,,,,
247,FRANCIS,W.J.,Media,4,opened an office in Southend in 1872,,,,,,,,,,
251,FROST,Thomas,Art+Media,1,"Apprentice in printing office of a cousin on leaving school, but moved to London to work as a ’turn-over’ before apprenticeship completed",,,,,,,,,,
251,FROST,Thomas,Art+Media,2,started own printing business at age of 22,,92110,7,67.59,Enttaeuschte,synonym,,Enttaeuschte,Enttaeuschte,statut
251,FROST,Thomas,Art+Media,3,contributed articles to various periodicals,,15915,2,86.98,Etablierte,synonym,,Etablierte,Etablierte,statut
251,FROST,Thomas,Art+Media,4,wrote fiction and serial stories,,,,,,,,,,
251,FROST,Thomas,Art+Media,5,lecturer,,13000,2,82.44,Etablierte,synonym,yes,Etablierte,Enttaeuschte,statut
251,FROST,Thomas,Art+Media,6,reader and general literary assistant (1853-4),,,,,,,,,,
251,FROST,Thomas,Art+Media,7,"editor, leader-writer and correspondent for various periodicals and provincial newspapers. Journalistic career began when he revived the Communist Chronicle in 1846",,15920,2,82.12,Bewahrende,synonym,,Bewahrende,Bewahrende,statut
255,GALLACHER,William,Art+Media,1,Worked as a milkboy in the hours before school (1891-3),,,,,,,,,,
255,GALLACHER,William,Art+Media,2,grocer’s boy (1893-5),,41020,3,81.33,Bewahrende,synonym,yes,Bewahrende,Etablierte,statut
255,GALLACHER,William,Art+Media,3,employed in a sanitary engineering shop (1895) and in various other factories (1895-1909),,84170,9,66.11,Enttaeuschte,synonym,yes,Enttaeuschte,Enttaeuschte,statut
255,GALLACHER,William,Art+Media,4,ship’s steward of the (1909-10),,,,,,,,,,
255,GALLACHER,William,Art+Media,5,employed in the Albion Motor Works (1910-12/13,,,,,,,,,,
255,GALLACHER,William,Art+Media,6,"1914-). Was on the staff Daily Worker for a short period. Elected as the first Communist MP (1935-50), representing West Fife",,,,,,,,,,
260,GALTON,Frank Wallis,Media,1,Errand-boy (1880-2),,37040,9,55.72,Enttaeuschte,synonym,,Enttaeuschte,Enttaeuschte,statut
260,GALTON,Frank Wallis,Media,2,apprentice engraver (1882-9),,,,,,,,,,
260,GALTON,Frank Wallis,Media,3,journeyman (1889-92),,,,,,,,,,
260,GALTON,Frank Wallis,Media,4,private secretary to Sidney Webb and Beatrice Potter (1892-7),,21110,1,84.88,Etablierte,synonym,yes,Etablierte,Etablierte,statut
260,GALTON,Frank Wallis,Media,5,private secretary to Member of Parliament (1897),,21110,1,84.88,Etablierte,synonym,yes,Etablierte,Etablierte,statut
260,GALTON,Frank Wallis,Media,6,Labour correspondent for local newspaper (1898),,15915,2,86.98,Etablierte,synonym,,Etablierte,Etablierte,statut
260,GALTON,Frank Wallis,Media,7,secretary to the London Reform Union (1899-1918),,21110,1,84.88,Etablierte,synonym,yes,Etablierte,Etablierte,statut
260,GALTON,Frank Wallis,Media,8,editor of the Municipal Journal (1918-20),,15920,2,82.12,Bewahrende,synonym,,Bewahrende,Etablierte,statut
260,GALTON,Frank Wallis,Media,9,secretary of the Fabian Society (1920-39),,21110,1,84.88,Etablierte,synonym,yes,Etablierte,Etablierte,statut
262,GARRATT,Vere W.,Art+Media,1,Factory worker at a gas meter manufactory (1906-14),,,,,,,,,,
262,GARRATT,Vere W.,Art+Media,2,commercial traveller (1914),,43220,4,73.55,Bewahrende,synonym,,Bewahrende,Enttaeuschte,statut
262,GARRATT,Vere W.,Art+Media,3,enlisted in the army (1914-19),,,,,,,,,,
262,GARRATT,Vere W.,Art+Media,4,"journalist, on the staff of John Bull and the English Review",,15915,2,86.98,Etablierte,synonym,,Etablierte,Etablierte,statut
265,GIFFORD,William,Art+Media,1,Ship-boy on a coaster,13,,,,,,,,,
265,GIFFORD,William,Art+Media,2,apprentice shoemaker (1772-c.1777),,80110,7,52.83,Enttaeuschte,synonym,,Enttaeuschte,Enttaeuschte,statut
265,GIFFORD,William,Art+Media,3,"lecturer at Exeter College, Oxford",,13000,2,82.44,Etablierte,synonym,yes,Etablierte,Etablierte,statut
265,GIFFORD,William,Art+Media,4,possessed two sinecures as comptroller of the lottery and as paymaster of the band of Gentleman Pensioners,,,,,,,,,,
265,GIFFORD,William,Art+Media,5,editor of the Quarterly Review,,15920,2,82.12,Bewahrende,synonym,,Bewahrende,Etablierte,statut
265,GIFFORD,William,Art+Media,6,"author and translator of Latin and Greek classics, including Juvenal",,15120,2,79.8,Bewahrende,synonym,,Bewahrende,Etablierte,statut
270,GLYDE,Charles Augustus,Art+Media,1,Left school at age 12 to assist in housework and nursing,,,,,,,,,,
270,GLYDE,Charles Augustus,Art+Media,2,newsboy (to 1883),,45240,11,56.72,Enttaeuschte,synonym,,Enttaeuschte,Etablierte,statut
270,GLYDE,Charles Augustus,Art+Media,3,commenced full-time work for firm of locomotive builders (1883-5),,,,,,,,,,
270,GLYDE,Charles Augustus,Art+Media,4,labourer in glass bottlemanufactory (1885-7),,99910,11,57.34,Enttaeuschte,synonym,,Enttaeuschte,Etablierte,statut
270,GLYDE,Charles Augustus,Art+Media,5,"succession of jobs, mainly as a small shopkeeper and was at various times in business running a fish and chip shop, then as a tailor’s agent, draper, insurance agent and proprietor of sweet shop. Employed as editor and proprietor of the Tong Pioneer of Social Reform (from 1908, the Bradford Socialist Vanguard). Ill-health caused him to abandon many of his activities in 1920, but he continued to contribute articles to the Labour Pioneer",,45230,11,51.9,,generic,yes,Enttaeuschte,Enttaeuschte,trajectoire
271,GOFFIN,Arthur Frederick,Media,1,"Apprentice compositor (1893-1900). Remained in printing trade all his life, working variously as reader, overseer and manager of printing shops. Retired 1947",,92120,7,61.68,Enttaeuschte,synonym,,Enttaeuschte,(indéterminé),statut
277,GOUGH,John Bartholomew,Media,1,Worked as a farm labourer and bookbinder in America before becoming a temperance lecturer in 1843,,99910,11,57.34,Enttaeuschte,synonym,,Enttaeuschte,(indéterminé),statut
278,GOULD,F.J.,Art,1,Chorister (1865-8),,,,,,,,,,
278,GOULD,F.J.,Art,2,schoolteacher (1871-96),,13000,2,82.44,Etablierte,synonym,,Etablierte,Enttaeuschte,statut
278,GOULD,F.J.,Art,3,freethought lecturer (1896-9),,13000,2,82.44,Etablierte,synonym,yes,Etablierte,Enttaeuschte,statut
278,GOULD,F.J.,Art,4,secretary and organiser of Leicester Secular Society (1899-1908),,21110,1,84.88,Etablierte,synonym,yes,Etablierte,Etablierte,statut
278,GOULD,F.J.,Art,5,lecturer and propagandist for the Moral Education League (1910-),,13000,2,82.44,Etablierte,synonym,yes,Etablierte,Enttaeuschte,statut
293,HADDOW,William Martin,Media,1,Appointed monitor (pupil-teacher) at South Side school (1879-82),,,,,,,,,,
293,HADDOW,William Martin,Media,2,"started work for the National Telephone Company in 1882, with his first year spent cleaning batteries, but by attending evening classes he was promoted to the inspection staff in his second year",,,,,,,,,,
293,HADDOW,William Martin,Media,3,"became an electrician in 1884/5, eventually setting up in partnership in an electrician’s business in the early 1890s",,,,,,,,,,
297,HAMPSON,Walter,Media,1,Was working for 4 hours a day before going to school (at age 8) as assistant chimney-sweep to his father,,,,,,,,,,
297,HAMPSON,Walter,Media,2,"continued as a sweep until age 14, also playing the fiddle at his father’s Punch and Judy shows",,,,,,,,,,
297,HAMPSON,Walter,Media,3,worked for one year as a chair-bottomer in Canada,14,,,,,,,,,
297,HAMPSON,Walter,Media,4,"performed general caretaking duties at Whittingham Asylum, near Preston (1885-7)",,,,,,,,,,
297,HAMPSON,Walter,Media,5,returned to chimney-sweeping and playing the violin for travelling theatres and circuses,,,,,,,,,,
297,HAMPSON,Walter,Media,6,appointed leader of Stockport Theatre Royal Orchestra,,,,,,,,,,
297,HAMPSON,Walter,Media,7,"employed at theatres in Blackpool and Southport, but repeatedly lost his job because of his political activities",,,,,,,,,,
297,HAMPSON,Walter,Media,8,travelled as a fiddler and socialist lecturer giving lectures and concerts in England and abroad,,,,,,,,,,
304,HARRIS,John,Art,1,"At age 9 drove plough for uncle and then worked as an assistant to a ‘tin-streamer’, throwing sand from the river",,,,,,,,,,
304,HARRIS,John,Art,2,"surface-worker at Dolcoath mine, dressing and preparing copper ore for the market (1830-2)",,,,,,,,,,
304,HARRIS,John,Art,3,underground copper-miner (1832-,,,,,,,,,,
304,HARRIS,John,Art,4,upwards of 20 years),,,,,,,,,,
304,HARRIS,John,Art,5,‘tributer’ (labouring for a certain portion of the mineral discovered),,,,,,,,,,
304,HARRIS,John,Art,6,scripture-reader in Falmouth (from 1857),,,,,,,,,,
304,HARRIS,John,Art,7,employed as a writer (1875-6),,15120,2,79.8,Bewahrende,synonym,,Bewahrende,(indéterminé),statut
319,HEMMENS,Harry Lathey,Media,1,"Worked for 7 years as a clerk in various offices before entering into a long period of service for the Baptist denomination, including Acting General House Secretary for the Baptist Missionary Society and editor of various missionary journals, including the Quest and Wonderlands",,39310,5,69.59,,generic,yes,Bewahrende,(indéterminé),trajectoire
321,HENDERSON,Arthur,Media,1,Started to earn living as an errand-boy,10,,,,,,,,,
321,HENDERSON,Arthur,Media,2,apprentice iron-moulder (from age 12),,,,,,,,,,
321,HENDERSON,Arthur,Media,3,worked for Labour newspaper in Newcastle (1894-5),,,,,,,,,,
321,HENDERSON,Arthur,Media,4,"full-time agent for Liberal Party (from 1896). Elected Labour MP for Barnard Castle in 1903, and subsequently for Widnes (1919-22)",,45230,11,51.9,,generic,yes,Enttaeuschte,(indéterminé),trajectoire
321,HENDERSON,Arthur,Media,5,E. Newcastle (1923),,,,,,,,,,
321,HENDERSON,Arthur,Media,6,Burnley (1924-31),,,,,,,,,,
321,HENDERSON,Arthur,Media,7,Clay Cross (1933-5). Parliamentary leader of Labour Party from 1908 and general secretary from 1911. Leader of the Labour Party (1931-2),,,,,,,,,,
326,HETHERINGTON,Henry,Art+Media,1,"Apprenticed to parliamentary printer, Luke Hansard (1805), and eventually became a compositor. Published pamphlets on his own account as well as for others (1822-)",,92110,7,67.59,Enttaeuschte,synonym,,Enttaeuschte,Enttaeuschte,statut
326,HETHERINGTON,Henry,Art+Media,2,bookseller and newsagent,,41020,3,81.33,Anwaerter,synonym,yes,Anwaerter,Etablierte,statut
328,HILLOCKS,James Inches,Media,1,Assisted father at home from an early age by driving the ‘pirn-wheel”,,,,,,,,,,
328,HILLOCKS,James Inches,Media,2,hand-loom weaver,,75430,9,50.74,Enttaeuschte,synonym,,Enttaeuschte,Enttaeuschte,statut
328,HILLOCKS,James Inches,Media,3,"opened school at Smithfield, Dundee in 1844",,,,,,,,,,
328,HILLOCKS,James Inches,Media,4,"left teaching to study and practice medicine, before returning to teaching",,,,,,,,,,
328,HILLOCKS,James Inches,Media,5,opened shop as druggist and stationer,,,,,,,,,,
328,HILLOCKS,James Inches,Media,6,missionary teacher,,14130,4,67.76,Anwaerter,synonym,,Anwaerter,Anwaerter,statut
328,HILLOCKS,James Inches,Media,7,evangelist,,,,,,,,,,
328,HILLOCKS,James Inches,Media,8,pastor,,14120,2,97.7,Etablierte,synonym,,Etablierte,Etablierte,statut
337,HOGG,James,Art,1,Cowherd (from age 7),,61220,8,50.88,Enttaeuschte,synonym,,Enttaeuschte,(indéterminé),statut
337,HOGG,James,Art,2,shepherd,,61220,8,50.88,Enttaeuschte,synonym,,Enttaeuschte,(indéterminé),statut
337,HOGG,James,Art,3,pursued a literary career (1810-16),,,,,,,,,,
337,HOGG,James,Art,4,"tenant farmer, while continuing his distinguished literary pursuits",,61250,8,50.88,Enttaeuschte,synonym,yes,Enttaeuschte,(indéterminé),statut
339,HOLCROFT,Thomas,Art+Media,1,Assisted parents in hawking various wares (1751-6),,,,,,,,,,
339,HOLCROFT,Thomas,Art+Media,2,apprentice stocking-weaver (for short time only),,75430,9,50.74,Enttaeuschte,synonym,,Enttaeuschte,Enttaeuschte,statut
339,HOLCROFT,Thomas,Art+Media,3,stable-boy (1757-60),,,,,,,,,,
339,HOLCROFT,Thomas,Art+Media,4,apprentice shoemaker (1760-64?),,80110,7,52.83,Enttaeuschte,synonym,,Enttaeuschte,Enttaeuschte,statut
339,HOLCROFT,Thomas,Art+Media,5,teacher (1764-5),,13000,2,82.44,Etablierte,synonym,,Etablierte,Etablierte,statut
339,HOLCROFT,Thomas,Art+Media,6,"began writing career as contributor to Whitehall Evening Post, subsequently writing many novels",,15915,2,86.98,Etablierte,synonym,,Etablierte,Etablierte,statut
339,HOLCROFT,Thomas,Art+Media,7,prompter at a Dublin theatre (1770-1),,,,,,,,,,
339,HOLCROFT,Thomas,Art+Media,8,strolling player in England and Scotland (1771-7),,,,,,,,,,
339,HOLCROFT,Thomas,Art+Media,9,actor,,17320,4,63.79,Enttaeuschte,synonym,,Enttaeuschte,Enttaeuschte,statut
339,HOLCROFT,Thomas,Art+Media,10,author of many plays,,15120,2,79.8,Anwaerter,synonym,,Anwaerter,Etablierte,statut
339,HOLCROFT,Thomas,Art+Media,11,set up printing business with brother-in-law (1803),,92110,7,67.59,Enttaeuschte,synonym,,Enttaeuschte,Enttaeuschte,statut
344,HOLYOAKE,London,Art+Media,1,Went to learn father’s trade of whitesmith at age of 9,,,,,,,,,,
344,HOLYOAKE,London,Art+Media,2,"left foundry in 1839 and made a living by schoolteaching, public speaking, secretarial work and journalism",,,,,,,,,,
344,HOLYOAKE,London,Art+Media,3,began a printing business with his brother (1851) which became a publishing house (1853) before closing in 1862,,92110,7,67.59,Enttaeuschte,synonym,,Enttaeuschte,(indéterminé),statut
348,HORNE,Eric,Media,1,Worked as assistant to father for short period (half-time),,,,,,,,,,
348,HORNE,Eric,Media,2,"assistant groom and gardener, and then an indoor servant, beginning 57 years in service, interrupted in early stages by brief period as a railway porter. Employed in all grades of servants’ work, from footboy to valet, butler and house steward",,,,,,,,,,
350,HORNER,Arthur,Media,1,First job (at age 8) was as lather-boy in a barber’s shop,,,,,,,,,,
350,HORNER,Arthur,Media,2,delivery-boy for a grocer,,41020,3,81.33,,generic,yes,Bewahrende,Etablierte,trajectoire
350,HORNER,Arthur,Media,3,office-boy at the railway,,37040,9,55.72,Enttaeuschte,synonym,,Enttaeuschte,Enttaeuschte,statut
350,HORNER,Arthur,Media,4,collier,,,,,,,,,,
350,HORNER,Arthur,Media,5,checkweighman (from 1919),,,,,,,,,,
350,HORNER,Arthur,Media,6,elected president of South Wales Miners’ Federation (1936),,,,,,,,,,
350,HORNER,Arthur,Media,7,appointed National Coal Production Officer (1945),,,,,,,,,,
350,HORNER,Arthur,Media,8,general secretary of National Union of Mineworkers (1946-1959),,21110,1,84.88,Etablierte,synonym,yes,Etablierte,Etablierte,statut
353,HOWELL,George,Media,1,Ploughboy (c.1843-5),,61220,8,50.88,Enttaeuschte,synonym,,Enttaeuschte,Enttaeuschte,statut
353,HOWELL,George,Media,2,assisted father as mortar-boy and timekeeper (1845-7),,,,,,,,,,
353,HOWELL,George,Media,3,apprentice shoemaker (1847-51),,80110,7,52.83,Enttaeuschte,synonym,,Enttaeuschte,Enttaeuschte,statut
353,HOWELL,George,Media,4,journeyman shoemaker (1851-3),,80110,7,52.83,Enttaeuschte,synonym,,Enttaeuschte,Enttaeuschte,statut
353,HOWELL,George,Media,5,"bricklayer (1853-9), then deputy foreman (to 1865)",,95120,7,50,Enttaeuschte,synonym,,Enttaeuschte,Enttaeuschte,statut
353,HOWELL,George,Media,6,paid secretary of the Reform League (1865-9),,21110,1,84.88,Etablierte,synonym,yes,Etablierte,Etablierte,statut
353,HOWELL,George,Media,7,"launched a private Liberal Registration and Election Agency (1869), but was unsuccessful",,,,,,,,,,
353,HOWELL,George,Media,8,paid secretary of the Representative Reform Association (1868-74),,21110,1,84.88,Etablierte,synonym,yes,Etablierte,Etablierte,statut
353,HOWELL,George,Media,9,paid secretary of the Plimsoll and Seaman’s Fund Committee (1873-5),,21110,1,84.88,Etablierte,synonym,yes,Etablierte,Etablierte,statut
353,HOWELL,George,Media,10,"sought financial independence by setting up Adelphi Permanent Building Society (1870-1), but was unsuccessful",,,,,,,,,,
353,HOWELL,George,Media,11,"turned to writing as source of income, contributing regularly to the Beehive",,,,,,,,,,
353,HOWELL,George,Media,12,London business agent for Manchester coal merchant (c.1882-5),,45230,11,51.9,,generic,yes,Enttaeuschte,Enttaeuschte,trajectoire
353,HOWELL,George,Media,13,"MP for N. E. Bethnal Green (1885-95), supporting himself in these years by journalism",,20110,1,93.36,Etablierte,synonym,,Etablierte,Etablierte,statut
353,HOWELL,George,Media,14,engaged to edit the Imperial White Books (1886-8),,,,,,,,,,
353,HOWELL,George,Media,15,withdrew from political life in 1895 and devoted his time to writing,,,,,,,,,,
362,HUNT,T.J.,Media,1,Machine-ruler at paper mill (1865-71),,,,,,,,,,
362,HUNT,T.J.,Media,2,"worked in same trade in various shops in London before setting up on own account, in 1878, as a printer and wholesale manufacturing stationer",,,,,,,,,,
366,HUTTON,William,Art+Media,1,Started work in a silk mill (1730-7),,,,,,,,,,
366,HUTTON,William,Art+Media,2,apprenticed to uncle as a stocking-maker (1738-44),,,,,,,,,,
366,HUTTON,William,Art+Media,3,journeyman stockinger,,,,,,,,,,
366,HUTTON,William,Art+Media,4,"taught himself bookbinding, and set himself up as a binder",,,,,,,,,,
366,HUTTON,William,Art+Media,5,"became successful in business, running a paper warehouse",,,,,,,,,,
366,HUTTON,William,Art+Media,6,invested money in business ventures and land and property purchases,,,,,,,,,,
367,INCE,Thomas,Media,1,Placed in service with a collier and with a yeoman farmer,,,,,,,,,,
367,INCE,Thomas,Media,2,made ‘occasional ramblings’ through the neighbourhood of his birth (1865-75),,,,,,,,,,
367,INCE,Thomas,Media,3,"herbalist (c.1880s-).
|
Poet and contributor to the Blackburn press",,15120,2,79.8,Bewahrende,synonym,,Bewahrende,(indéterminé),statut
368,INMAN,Philip,Media,1,Part-time assistant at chemist’s,9,,,,,,,,,
368,INMAN,Philip,Media,2,newspaper boy,,45240,11,56.72,Enttaeuschte,synonym,,Enttaeuschte,Enttaeuschte,statut
368,INMAN,Philip,Media,3,errand-boy (1904-6),,37040,9,55.72,Enttaeuschte,synonym,,Enttaeuschte,Enttaeuschte,statut
368,INMAN,Philip,Media,4,apprenticed to a chemist when aged about 14,,,,,,,,,,
368,INMAN,Philip,Media,5,travelling salesmanfor chemist,,,,,,,,,,
368,INMAN,Philip,Media,6,"enlisted (1914), but invalided out",,,,,,,,,,
368,INMAN,Philip,Media,7,"organising secretary, then chief officer, for the London Hospital Saturday Fund (1918-21)",,21110,1,84.88,Etablierte,synonym,yes,Etablierte,Etablierte,statut
368,INMAN,Philip,Media,8,"House Governor of Charing Cross Hospital (1921-36), then chairman (1936-)",,,,,,,,,,
368,INMAN,Philip,Media,9,chairman of British Broadcasting Corporation,,,,,,,,,,
368,INMAN,Philip,Media,10,chairman of the Central Board of Finance for the Church Assembly,,,,,,,,,,
368,INMAN,Philip,Media,11,chairman of the Hotels Executive of British Transport,,,,,,,,,,
370,IRELAND,James,Media,1,"Apprenticed to an uncle, an ironmonger (1 year)",,,,,,,,,,
370,IRELAND,James,Media,2,apprentice draper (4 years),,41020,3,81.33,Bewahrende,synonym,yes,Bewahrende,(indéterminé),statut
370,IRELAND,James,Media,3,journeyman and master draper,,41020,3,81.33,,generic,yes,Bewahrende,(indéterminé),trajectoire
371,IRESON,Alfred,Media,1,"First employment was crow-scaring, then employed in printing and bookbinding, in an iron foundry, in osier-peeling, and as a butcher’s boy, carpenter and servant between ages 10 and 14. Then was apprenticed (unofficially?) to learn stonemason’s trade, in which he remained until called to the Gospel (1871-82). Worked as London City Missionary (1882-1927)",,,,,,,,,,
374,JACKSON,Thomas Alfred,Media,1,Reading-boy at large printing works,13,37040,9,55.72,Enttaeuschte,synonym,,Enttaeuschte,Enttaeuschte,statut
374,JACKSON,Thomas Alfred,Media,2,apprentice compositor (1893-1900),,92120,7,61.68,Enttaeuschte,synonym,,Enttaeuschte,Anwaerter,statut
374,JACKSON,Thomas Alfred,Media,3,after apprenticeship was unable to find employment as had been branded by employers as a socialist agitator,,,,,,,,,,
374,JACKSON,Thomas Alfred,Media,4,paid lecturer for Independent Labour Party (1909-11),,13000,2,82.44,Etablierte,synonym,yes,Etablierte,Etablierte,statut
374,JACKSON,Thomas Alfred,Media,5,lecturer for National Secular Society (1911-14),,13000,2,82.44,Etablierte,synonym,yes,Etablierte,Etablierte,statut
374,JACKSON,Thomas Alfred,Media,6,storekeeper at small engineering works (1914-19),,,,,,,,,,
374,JACKSON,Thomas Alfred,Media,7,lecturer for N.E. district of National Council of Labour Colleges (1919-21),,13000,2,82.44,Etablierte,synonym,yes,Etablierte,Etablierte,statut
374,JACKSON,Thomas Alfred,Media,8,"employed by Communist Party, first as editor or sub-editor of party journals, then as agitator/propagandist, and subsequently as journalist for the Sunday Worker (1921-9)",,15920,2,82.12,Bewahrende,synonym,,Bewahrende,Etablierte,statut
374,JACKSON,Thomas Alfred,Media,9,"turned his attention to writing and local lecturing from 1929, contributing regularly to the Daily Worker",,,,,,,,,,
374,JACKSON,Thomas Alfred,Media,10,district lecturer for the Communist Party (1944-9),,13000,2,82.44,Etablierte,synonym,yes,Etablierte,Etablierte,statut
395,JONES,Jack,Art+Media,1,"Began as a pit-face worker at age 12, and worked on and off as a miner for 26 years",,,,,,,,,,
395,JONES,Jack,Art+Media,2,also variously employed as a forester,,,,,,,,,,
395,JONES,Jack,Art+Media,3,navvy,,99910,11,57.34,Enttaeuschte,synonym,,Enttaeuschte,Enttaeuschte,statut
395,JONES,Jack,Art+Media,4,soldier,,,,,,,,,,
395,JONES,Jack,Art+Media,5,book salesman,,43220,4,73.55,Anwaerter,synonym,,Anwaerter,Anwaerter,statut
395,JONES,Jack,Art+Media,6,cinema manager,,21110,1,84.88,Etablierte,synonym,yes,Etablierte,Etablierte,statut
395,JONES,Jack,Art+Media,7,"hod carrier, as well as suffering from periodic bouts of unemployment. Entered the literary field as a freelance journalist and worked as an author and playwright from 1934",,,,,,,,,,
407,KEATING,Joseph,Art+Media,1,Door-boy at local colliery,12,,,,,,,,,
407,KEATING,Joseph,Art+Media,2,hammer-boy (’Oliver-boy’) in colliery blacksmith’s shop,13,,,,,,,,,
407,KEATING,Joseph,Art+Media,3,collier-boy,14,,,,,,,,,
407,KEATING,Joseph,Art+Media,4,stoker,,,,,,,,,,
407,KEATING,Joseph,Art+Media,5,pit labourer (’the hardest and worst paid job’),,99910,11,57.34,Enttaeuschte,synonym,,Enttaeuschte,Enttaeuschte,statut
407,KEATING,Joseph,Art+Media,6,haulier,,,,,,,,,,
407,KEATING,Joseph,Art+Media,7,fitter’s labourer,,84100,7,66.2,Enttaeuschte,synonym,,Enttaeuschte,Anwaerter,statut
407,KEATING,Joseph,Art+Media,8,engine cleaner,,,,,,,,,,
407,KEATING,Joseph,Art+Media,9,gardener,,62740,12,53.25,Enttaeuschte,synonym,,Enttaeuschte,Enttaeuschte,statut
407,KEATING,Joseph,Art+Media,10,gasometer painter,,16130,4,84.2,Etablierte,synonym,,Etablierte,Etablierte,statut
407,KEATING,Joseph,Art+Media,11,hawker of trinkets and domestic wares,19,,,,,,,,,
407,KEATING,Joseph,Art+Media,12,violinist in music hall orchestra,,,,,,,,,,
407,KEATING,Joseph,Art+Media,13,postman/telegram clerk,,39310,5,69.59,,generic,yes,Enttaeuschte,Enttaeuschte,trajectoire
407,KEATING,Joseph,Art+Media,14,junior reporter,,15915,2,86.98,Etablierte,synonym,,Etablierte,Etablierte,statut
407,KEATING,Joseph,Art+Media,15,shorthand clerk,,39310,5,69.59,,generic,yes,Enttaeuschte,Enttaeuschte,trajectoire
407,KEATING,Joseph,Art+Media,16,rent-collector,,,,,,,,,,
407,KEATING,Joseph,Art+Media,17,novelist and dramatist,,15120,2,79.8,Enttaeuschte,synonym,,Anwaerter,Anwaerter,statut
407,KEATING,Joseph,Art+Media,18,private secretary to an accountant,,21110,1,84.88,Etablierte,synonym,yes,Etablierte,Etablierte,statut
407,KEATING,Joseph,Art+Media,19,city clerk,,39310,5,69.59,,generic,yes,Enttaeuschte,Enttaeuschte,trajectoire
408,KELLY,Henry Warren,Media,1,Newspaper-seller,,,,,,,,,,
408,KELLY,Henry Warren,Media,2,odd-jobs,,,,,,,,,,
408,KELLY,Henry Warren,Media,3,cook and rope-boy on fishing smacks,9,,,,,,,,,
408,KELLY,Henry Warren,Media,4,cabin-boy,,,,,,,,,,
408,KELLY,Henry Warren,Media,5,merchant seaman,,98140,11,52.91,Enttaeuschte,synonym,,Enttaeuschte,(indéterminé),statut
408,KELLY,Henry Warren,Media,6,ran a tea business,,,,,,,,,,
408,KELLY,Henry Warren,Media,7,employed by the Dominion and the Evening Post,,,,,,,,,,
408,KELLY,Henry Warren,Media,8,in business as a newsagent,,,,,,,,,,
411,KENNEY,Rowland,Media,1,"Worked for short periods in a wide variety of occupations before turning to journalism, including assisting father in his newly-formed business venture of hawking ‘washing-liquor’ from a pony and cart",9,,,,,,,,,
411,KENNEY,Rowland,Media,2,newspaper boy (1893),,45240,11,56.72,Enttaeuschte,synonym,,Enttaeuschte,Enttaeuschte,statut
411,KENNEY,Rowland,Media,3,"half-time learner in a cotton mill, and full-time from age 14",11,,,,,,,,,
411,KENNEY,Rowland,Media,4,chain-horse lad for the London and North Western Railway,15,,,,,,,,,
411,KENNEY,Rowland,Media,5,casual labourer,17,99910,11,57.34,Enttaeuschte,synonym,,Enttaeuschte,Enttaeuschte,statut
411,KENNEY,Rowland,Media,6,navvy,,99910,11,57.34,Enttaeuschte,synonym,,Enttaeuschte,Enttaeuschte,statut
411,KENNEY,Rowland,Media,7,tramp,,,,,,,,,,
411,KENNEY,Rowland,Media,8,agricultural labourer,,61220,8,50.88,Enttaeuschte,synonym,,Enttaeuschte,Enttaeuschte,statut
411,KENNEY,Rowland,Media,9,cobbler,,80110,7,52.83,Enttaeuschte,synonym,,Enttaeuschte,Enttaeuschte,statut
411,KENNEY,Rowland,Media,10,carter,,,,,,,,,,
411,KENNEY,Rowland,Media,11,builder’s labourer,,99910,11,57.34,Enttaeuschte,synonym,,Enttaeuschte,Enttaeuschte,statut
411,KENNEY,Rowland,Media,12,capstan man,,,,,,,,,,
411,KENNEY,Rowland,Media,13,commercial traveller (1903/4),,43220,4,73.55,Anwaerter,synonym,,Anwaerter,Anwaerter,statut
411,KENNEY,Rowland,Media,14,manager of branch of Abel Heywood & Sons (publishers and stationers) in Preston (1906). Arrived in London in 1908/9 and was employed by the Independent Labour Party as manager of the Publications Department,,21110,1,84.88,Etablierte,synonym,yes,Etablierte,Etablierte,statut
411,KENNEY,Rowland,Media,15,publisher of Vanity Fair,,41020,3,81.33,Enttaeuschte,synonym,yes,Enttaeuschte,Etablierte,statut
411,KENNEY,Rowland,Media,16,"Labour editor, then editor, of Daily Herald",,15920,2,82.12,Bewahrende,synonym,,Bewahrende,Etablierte,statut
411,KENNEY,Rowland,Media,17,writer for the New Statesman and Reynolds Newspaper,,15120,2,79.8,Bewahrende,synonym,,Bewahrende,Etablierte,statut
411,KENNEY,Rowland,Media,18,"accepted post (in 1920) in the Political Intelligence Department of the Foreign Office, being employed in that service in various capacities thereafter",,,,,,,,,,
417,KITZ,Frank [pseud. of Francis PLATT,Media,1,"Supported self from very early age by taking jobs as an errand-boy, porter and messenger",,,,,,,,,,
417,KITZ,Frank [pseud. of Francis PLATT,Media,2,was articled to a garment-dyer but soon left this employment to go ‘on the tramp’,,,,,,,,,,
417,KITZ,Frank [pseud. of Francis PLATT,Media,3,later employed as a dyer,,,,,,,,,,
417,KITZ,Frank [pseud. of Francis PLATT,Media,4,Socialist propagandist,,21110,1,84.88,Etablierte,synonym,yes,Etablierte,Etablierte,statut
417,KITZ,Frank [pseud. of Francis PLATT,Media,5,joint-editor of Commonwealth,,15920,2,82.12,Bewahrende,synonym,,Bewahrende,Enttaeuschte,statut
422,LANSBURY,George,Art+Media,1,Office-boy,11,37040,9,55.72,Enttaeuschte,synonym,,Enttaeuschte,Enttaeuschte,statut
422,LANSBURY,George,Art+Media,2,"worked again for short time as office-boy before undertaking various jobs, including labouring in charcoal factory",14,,,,,,,,,
422,LANSBURY,George,Art+Media,3,wholesale grocer (1 year),,41020,3,81.33,Anwaerter,synonym,yes,Anwaerter,Etablierte,statut
422,LANSBURY,George,Art+Media,4,"coal-heaver, in partnership with brother (to 1883)",,,,,,,,,,
422,LANSBURY,George,Art+Media,5,manager of coffee bar,,21110,1,84.88,Etablierte,synonym,yes,Etablierte,Etablierte,statut
422,LANSBURY,George,Art+Media,6,"while in Australia, worked as a stonebreaker, van-driver at a slaughterhouse and farm servant",,,,,,,,,,
422,LANSBURY,George,Art+Media,7,"employed in father-in-law’s sawmill and veneer works in Whitechapel, eventually inheriting the business (1895-1914)",,,,,,,,,,
422,LANSBURY,George,Art+Media,8,"from 1914 devoted time and effort to the Daily Herald, of which he was the editor, and Lansbury’s Labour Weekly (1925-7). Elected as Labour MP for Bow and Bronley in 1910, but resigned to fight (unsuccessfully) as an independent on the issue of votes for women",,,,,,,,,,
422,LANSBURY,George,Art+Media,9,re-elected in 1922 and served until 1940,,,,,,,,,,
425,LAX,William Henry,Media,1,Half-time errand-boy at printing works (1879-1881),,,,,,,,,,
425,LAX,William Henry,Media,2,apprentice printer (1881-89),,92110,7,67.59,Enttaeuschte,synonym,,Enttaeuschte,Etablierte,statut
425,LAX,William Henry,Media,3,journeyman printer (1889-90),,92110,7,67.59,Enttaeuschte,synonym,,Enttaeuschte,Etablierte,statut
425,LAX,William Henry,Media,4,lay agent for East Anglia (1890-2),,45230,11,51.9,,generic,yes,Enttaeuschte,Enttaeuschte,trajectoire
425,LAX,William Henry,Media,5,probationer for the Methodist ministry (1895),,,,,,,,,,
425,LAX,William Henry,Media,6,Halifax and Bradford District missionary (1896-7),,,,,,,,,,
425,LAX,William Henry,Media,7,"West London missionary (1897-1902), transferring to the East End in 1902",,14130,4,67.76,Bewahrende,synonym,,Anwaerter,Etablierte,statut
428,LEATHERLAND,John A.,Art+Media,1,"Sent to learn shoemaking craft (1824), but trade was bad so was ‘placed in the loom’ under stepfather (till 1829), then apprenticed to a ribbon-weaver (to 1834)",,,,,,,,,,
428,LEATHERLAND,John A.,Art+Media,2,"stayed with master for a further 3 years, then became a velvet-weaver (c.1837-1846/7)",,,,,,,,,,
428,LEATHERLAND,John A.,Art+Media,3,manufactured and hawked plain and fancy vests until accident and illness rendered him incapable of manual labour (1847-50),,,,,,,,,,
428,LEATHERLAND,John A.,Art+Media,4,reporter for Northampton Herald and other local newspapers (1849-),,15915,2,86.98,Etablierte,synonym,,Etablierte,(indéterminé),statut
430,LENO,John Bedford,Art+Media,1,Cow-minder (1836),,,,,,,,,,
430,LENO,John Bedford,Art+Media,2,servant,,54010,9,41.43,Enttaeuschte,synonym,,Enttaeuschte,Enttaeuschte,statut
430,LENO,John Bedford,Art+Media,3,firework-maker,,,,,,,,,,
430,LENO,John Bedford,Art+Media,4,rope-spinner,,75220,9,48.38,Enttaeuschte,synonym,,Enttaeuschte,Enttaeuschte,statut
430,LENO,John Bedford,Art+Media,5,rural postboy,,,,,,,,,,
430,LENO,John Bedford,Art+Media,6,apprenticed in a printing office at age 14,,92110,7,67.59,Enttaeuschte,synonym,,Enttaeuschte,Anwaerter,statut
430,LENO,John Bedford,Art+Media,7,journeyman printer,,92110,7,67.59,Enttaeuschte,synonym,,Enttaeuschte,Bewahrende,statut
430,LENO,John Bedford,Art+Media,8,editor and proprietor of various newspapers,,15920,2,82.12,Anwaerter,synonym,,Anwaerter,Etablierte,statut
430,LENO,John Bedford,Art+Media,9,co-operative printer,,92110,7,67.59,Enttaeuschte,synonym,,Enttaeuschte,Enttaeuschte,statut
430,LENO,John Bedford,Art+Media,10,publisher,,41020,3,81.33,Anwaerter,synonym,yes,Anwaerter,Etablierte,statut
430,LENO,John Bedford,Art+Media,11,election agent (1868),,45230,11,51.9,,generic,yes,Enttaeuschte,Enttaeuschte,trajectoire
430,LENO,John Bedford,Art+Media,12,writer,,15120,2,79.8,Bewahrende,synonym,,Anwaerter,Etablierte,statut
431,LESSNER,Frederick,Media,1,Apprentice tailor in Germany,,79100,7,53.02,Enttaeuschte,synonym,,Enttaeuschte,(indéterminé),statut
431,LESSNER,Frederick,Media,2,remaining in the tailoring trade for almost 70 years,,,,,,,,,,
445,LINTON,William James,Art+Media,1,Apprenticed to a wood-engraver in 1828,,,,,,,,,,
445,LINTON,William James,Art+Media,2,"entered into partnership with former employer in 1842, but was dissolved in following year owing to death of latter",,,,,,,,,,
445,LINTON,William James,Art+Media,3,established reputation as the best wood-engraver of the day,,,,,,,,,,
445,LINTON,William James,Art+Media,4,"entered into various editorial and publishing ventures, including the Odd-Fellow, the Spectator",,,,,,,,,,
445,LINTON,William James,Art+Media,5,the English Republic,,,,,,,,,,
445,LINTON,William James,Art+Media,6,the Leader,,,,,,,,,,
445,LINTON,William James,Art+Media,7,the Illuminated Magazine,,,,,,,,,,
445,LINTON,William James,Art+Media,8,Pen and Pencil,,,,,,,,,,
447,LIVESEY,Joseph,Art+Media,1,Started work at an early age winding weavers’ bobbins,,75430,9,50.74,Enttaeuschte,synonym,,Enttaeuschte,Enttaeuschte,statut
447,LIVESEY,Joseph,Art+Media,2,"subsequently worked as a shuttle-maker, ‘twister-in’, ‘jobber’",,,,,,,,,,
447,LIVESEY,Joseph,Art+Media,3,weaver (for 7 years),,75430,9,50.74,Enttaeuschte,synonym,,Enttaeuschte,Enttaeuschte,statut
447,LIVESEY,Joseph,Art+Media,4,"began to sell cheeses at the weekend (c.1815), eventually becoming a cheese wholesaler/cheesemonger and establishing a successful business",,,,,,,,,,
447,LIVESEY,Joseph,Art+Media,5,ran own printing establishment (1832-59),,92110,7,67.59,Enttaeuschte,synonym,,Enttaeuschte,Etablierte,statut
454,LOVETT,William,Media,1,Apprentice rope-maker (c.1814-21),,,,,,,,,,
454,LOVETT,William,Media,2,fisherman (one season),,,,,,,,,,
454,LOVETT,William,Media,3,carpenter’s mate (1821),,95410,7,53.84,Enttaeuschte,synonym,,Enttaeuschte,Enttaeuschte,statut
454,LOVETT,William,Media,4,assistant to a cabinet-maker (from 1821),,,,,,,,,,
454,LOVETT,William,Media,5,cabinet-maker (to 1828),,,,,,,,,,
454,LOVETT,William,Media,6,opened a pastry and confectionery shop (1828),,,,,,,,,,
454,LOVETT,William,Media,7,storekeeper of London Co-operative Trading Association (from 1829),,,,,,,,,,
454,LOVETT,William,Media,8,ran a coffee-shop (1834-6),,,,,,,,,,
454,LOVETT,William,Media,9,arrested and imprisoned on charge of seditious libel (1839- 40),,,,,,,,,,
454,LOVETT,William,Media,10,opened small bookseller’s shop in 1840,,41020,3,81.33,Anwaerter,synonym,yes,Anwaerter,Etablierte,statut
454,LOVETT,William,Media,11,journalist,,15915,2,86.98,Etablierte,synonym,,Etablierte,Etablierte,statut
454,LOVETT,William,Media,12,"publisher of Howitt's Journal, schoolmaster",,41020,3,81.33,Enttaeuschte,synonym,yes,Enttaeuschte,Etablierte,statut
462,MacDIARMID,Hugh [pseud. of Christoper Murray GRIEVE,Art+Media,1,"Was for many years a reporter on local weekly newspapers in Clydebank, Ebbw Vale, Cupar-Fife, Forfar and Montrose",,15915,2,86.98,Etablierte,synonym,,Etablierte,Etablierte,statut
462,MacDIARMID,Hugh [pseud. of Christoper Murray GRIEVE,Art+Media,2,served in Royal Army Medical Corps (1914-20),,,,,,,,,,
462,MacDIARMID,Hugh [pseud. of Christoper Murray GRIEVE,Art+Media,3,editor of Montrose Review (1920-9),,15920,2,82.12,Enttaeuschte,synonym,,Enttaeuschte,Enttaeuschte,statut
462,MacDIARMID,Hugh [pseud. of Christoper Murray GRIEVE,Art+Media,4,editor of Vox (1929-?),,15920,2,82.12,Bewahrende,synonym,,Bewahrende,Bewahrende,statut
462,MacDIARMID,Hugh [pseud. of Christoper Murray GRIEVE,Art+Media,5,reporter,,15915,2,86.98,Etablierte,synonym,,Etablierte,Etablierte,statut
462,MacDIARMID,Hugh [pseud. of Christoper Murray GRIEVE,Art+Media,6,writer/poet,,15120,2,79.8,Enttaeuschte,synonym,,Enttaeuschte,Enttaeuschte,statut
462,MacDIARMID,Hugh [pseud. of Christoper Murray GRIEVE,Art+Media,7,precision fitter,,84100,7,66.2,Enttaeuschte,synonym,,Enttaeuschte,Enttaeuschte,statut
462,MacDIARMID,Hugh [pseud. of Christoper Murray GRIEVE,Art+Media,8,deck hand and first engineer in the merchant service,,,,,,,,,,
462,MacDIARMID,Hugh [pseud. of Christoper Murray GRIEVE,Art+Media,9,lecturer,,13000,2,82.44,Etablierte,synonym,yes,Etablierte,Anwaerter,statut
462,MacDIARMID,Hugh [pseud. of Christoper Murray GRIEVE,Art+Media,10,in receipt of a Civil List Pension,,,,,,,,,,
466,MacGILL,Patrick,Art+Media,1,Farm-boy (from age 10),,61220,8,50.88,Enttaeuschte,synonym,,Enttaeuschte,Enttaeuschte,statut
466,MacGILL,Patrick,Art+Media,2,joined a gang of potato-pickers in Scotland in 1905,,,,,,,,,,
466,MacGILL,Patrick,Art+Media,3,"spent 7 years as a gang-labourer, tramp and railway navvy",,99910,11,57.34,Enttaeuschte,synonym,,Enttaeuschte,Enttaeuschte,statut
466,MacGILL,Patrick,Art+Media,4,"entered journalism by having occasional articles published in various newspapers, with the life of the navvy as the usual theme",,,,,,,,,,
466,MacGILL,Patrick,Art+Media,5,full-time journalist (1909/10-),,15915,2,86.98,Etablierte,synonym,,Etablierte,Etablierte,statut
466,MacGILL,Patrick,Art+Media,6,became a successful and well-known professional novelist,,,,,,,,,,
467,M’GONAGALL,William,Art,1,Started work at an early age in a Dundee cotton mill (for 4 years),,,,,,,,,,
467,M’GONAGALL,William,Art,2,taught hand-loom weaving by father,,75430,9,50.74,Enttaeuschte,synonym,,Enttaeuschte,(indéterminé),statut
467,M’GONAGALL,William,Art,3,was forced out of work by the introduction of machines and subsequently made a living from his dramatic and poetical recitals and from the sale of his poetry,,,,,,,,,,
472,M’KAEN,James,Media,1,"Apprentice shoemaker (bound to various masters for short periods), but did not remain bound for full period",,80110,7,52.83,Enttaeuschte,synonym,,Enttaeuschte,(indéterminé),statut
472,M’KAEN,James,Media,2,worked as a shoemaker for several years before setting up on own account,,80110,7,52.83,Enttaeuschte,synonym,,Enttaeuschte,(indéterminé),statut
481,MANN,Tom,Media,1,Started work as a boy on the colliery farm,9,,,,,,,,,
481,MANN,Tom,Media,2,went down the mines at age 10 (to 1870),,,,,,,,,,
481,MANN,Tom,Media,3,printer’s devil (1870),,92110,7,67.59,Enttaeuschte,synonym,,Enttaeuschte,Enttaeuschte,statut
481,MANN,Tom,Media,4,apprentice tool-maker (1870-6),,,,,,,,,,
481,MANN,Tom,Media,5,dock clerk (1876-80),,39310,5,69.59,,generic,yes,Bewahrende,Enttaeuschte,trajectoire
481,MANN,Tom,Media,6,turner/engineer,,84100,7,66.2,Enttaeuschte,synonym,,Enttaeuschte,Enttaeuschte,statut
481,MANN,Tom,Media,7,propagandist/lecturer/organiser for Social Democratic Federation (1887- 9),,21110,1,84.88,Etablierte,synonym,yes,Etablierte,Etablierte,statut
481,MANN,Tom,Media,8,first president of the Dockers’ Union (1890-3),,,,,,,,,,
481,MANN,Tom,Media,9,appointed secretary of the Independent Labour Party in 1894,,21110,1,84.88,Etablierte,synonym,yes,Etablierte,Etablierte,statut
481,MANN,Tom,Media,10,"co-founder and president of the International Federation of Ship, Dock and River Workers",,,,,,,,,,
481,MANN,Tom,Media,11,editor of the Industrial Syndicalist (1910-11),,15920,2,82.12,Bewahrende,synonym,,Bewahrende,Etablierte,statut
481,MANN,Tom,Media,12,spent many years abroad and travelling,,,,,,,,,,
481,MANN,Tom,Media,13,"general secretary of the Amalgamated Society of Engineers (later the Amalgamated Engineering Union), 1919-21",,21110,1,84.88,Etablierte,synonym,yes,Etablierte,Etablierte,statut
484,MARCROFT,William,Media,1,Began work at age 6 gathering dung from the turnpike road,,,,,,,,,,
484,MARCROFT,William,Media,2,at age 8 was employed in the cardroom and thirstle-room of cotton mill,,,,,,,,,,
484,MARCROFT,William,Media,3,assistant to cotton cloth fustian-cutter for a short time before returning to mill to work as a piecer (to age 16),,,,,,,,,,
484,MARCROFT,William,Media,4,apprentice machine-grinder (1838-43),,,,,,,,,,
484,MARCROFT,William,Media,5,"journeyman grinder, timekeeper and foreman in machine-making works (to 1861)",,,,,,,,,,
484,MARCROFT,William,Media,6,dentist (1861-),,,,,,,,,,
507,ANON.,Memoirs of a Printer's Devil; interspersed with Pleasing Recollections,Media,1,Started work at a young age for a whip-cord maker,,,,,,,,,,
507,ANON.,Memoirs of a Printer's Devil; interspersed with Pleasing Recollections,Media,2,subsequently worked in a brick manufactory before becoming a printer’s devil,,,,,,,,,,
513,MILLER,Hugh,Art+Media,1,Bound apprentice to a stonemason for three years (1819-22),,,,,,,,,,
513,MILLER,Hugh,Art+Media,2,worked as a mason until c.1832,,95120,7,50,Enttaeuschte,synonym,,Enttaeuschte,Enttaeuschte,statut
513,MILLER,Hugh,Art+Media,3,bank accountant (1832-40),,,,,,,,,,
513,MILLER,Hugh,Art+Media,4,editor of Witness (1840-),,15920,2,82.12,Anwaerter,synonym,,Anwaerter,Etablierte,statut
513,MILLER,Hugh,Art+Media,5,public lecturer (1852-),,13000,2,82.44,Etablierte,synonym,yes,Etablierte,Etablierte,statut
518,MOFFAT,Henry Y.,Media,1,Errand-boy to a publishing firm (1855),,37040,9,55.72,Enttaeuschte,synonym,,Enttaeuschte,Enttaeuschte,statut
518,MOFFAT,Henry Y.,Media,2,worked for short periods as a printer’s devil and shop-boy,,92110,7,67.59,Enttaeuschte,synonym,,Enttaeuschte,Etablierte,statut
518,MOFFAT,Henry Y.,Media,3,enlisted in British Navy by deception when under age (1857) and was soon discharged,,,,,,,,,,
518,MOFFAT,Henry Y.,Media,4,apprentice sailor on a collier brig,,98140,11,52.91,Enttaeuschte,synonym,,Enttaeuschte,Enttaeuschte,statut
518,MOFFAT,Henry Y.,Media,5,"subsequently worked as a ship’s pilot, cook and steward before becoming a ship’s captain. Gave up his command in 1891, and employed as superintendent of the working of steamers in the London docks (1891-1905)",,,,,,,,,,
521,MORRISON,Herbert,Art+Media,1,"Errand-boy (1902), then, shop assistant",,,,,,,,,,
521,MORRISON,Herbert,Art+Media,2,switchboard operator,,,,,,,,,,
521,MORRISON,Herbert,Art+Media,3,minor journalist,,15915,2,86.98,Etablierte,synonym,,Etablierte,Etablierte,statut
521,MORRISON,Herbert,Art+Media,4,"circulation manager of the first official Labour paper, the Daily Citizen (1912-15)",,21110,1,84.88,Etablierte,synonym,yes,Etablierte,Enttaeuschte,statut
521,MORRISON,Herbert,Art+Media,5,part-time secretary of London Labour Party (1915-47),,21110,1,84.88,Etablierte,synonym,yes,Etablierte,Enttaeuschte,statut
521,MORRISON,Herbert,Art+Media,6,"after 1915, politics, as either organiser or MP, was his sole occupation. MP for Hackney South (1923-4",,21110,1,84.88,Etablierte,synonym,yes,Etablierte,Enttaeuschte,statut
521,MORRISON,Herbert,Art+Media,7,1929-31,,,,,,,,,,
521,MORRISON,Herbert,Art+Media,8,1935-59),,,,,,,,,,
524,MUIR,Edwin,Art+Media,1,Office-boy and clerk in various commercial and shipbuilding offices (1901-1919),,37040,9,55.72,Enttaeuschte,synonym,,Enttaeuschte,Enttaeuschte,statut
524,MUIR,Edwin,Art+Media,2,assistant on the journal New Age (1919-24),,,,,,,,,,
524,MUIR,Edwin,Art+Media,3,"critic, author, translator and poet (1924-42)",,15120,2,79.8,Anwaerter,synonym,,Anwaerter,Etablierte,statut
524,MUIR,Edwin,Art+Media,4,"worked for the British Council in Edinburgh (1942-5), and then Director of its Institutes in Prague (1945-8) and Rome (1949-50)",,,,,,,,,,
524,MUIR,Edwin,Art+Media,5,warden of Newbattle Abbey (1950-5),,,,,,,,,,
524,MUIR,Edwin,Art+Media,6,professor at Harvard University (1955-6),,13000,2,82.44,Etablierte,synonym,yes,Etablierte,Etablierte,statut
529,MURISON,Alexander Falconer,Media,1,Herd-boy for 6 weeks in 1858,,61220,8,50.88,Enttaeuschte,synonym,,Enttaeuschte,Enttaeuschte,statut
529,MURISON,Alexander Falconer,Media,2,Head of English Department at Aberdeen Grammar School (1869-77),,,,,,,,,,
529,MURISON,Alexander Falconer,Media,3,journalist,,15915,2,86.98,Etablierte,synonym,,Etablierte,Etablierte,statut
529,MURISON,Alexander Falconer,Media,4,"barrister, Middle Temple (1881)",,,,,,,,,,
529,MURISON,Alexander Falconer,Media,5,"Professor of Roman Law at University College, London (1883-1925)",,13000,2,82.44,Etablierte,synonym,yes,Etablierte,Etablierte,statut
529,MURISON,Alexander Falconer,Media,6,"professor of Jurisprudence at University College, London (1901-25)",,13000,2,82.44,Etablierte,synonym,yes,Etablierte,Etablierte,statut
529,MURISON,Alexander Falconer,Media,7,"Dean of Faculty of Laws, University of London (1914-8)",,,,,,,,,,
529,MURISON,Alexander Falconer,Media,8,Deputy Professor of Roman-Dutch Law (1914-24),,13000,2,82.44,Etablierte,synonym,yes,Etablierte,Etablierte,statut
530,MURPHY,John Thomas,Media,1,Combined schooling with hawking bread and cakes and working on a local milk round (from age 7),,,,,,,,,,
530,MURPHY,John Thomas,Media,2,check-boy at engineering works (1901),,,,,,,,,,
530,MURPHY,John Thomas,Media,3,apprentice engineer (1901-8),,84170,9,66.11,Enttaeuschte,synonym,yes,Enttaeuschte,Enttaeuschte,statut
530,MURPHY,John Thomas,Media,4,"engineer (1908-18, and again in the late 1930s)",,84170,9,66.11,Enttaeuschte,synonym,yes,Enttaeuschte,Enttaeuschte,statut
530,MURPHY,John Thomas,Media,5,suffered periods of unemployment and hardship but managed to secure an income from his political activities as a writer,,,,,,,,,,
530,MURPHY,John Thomas,Media,6,lecturer,,13000,2,82.44,Etablierte,synonym,yes,Etablierte,Anwaerter,statut
530,MURPHY,John Thomas,Media,7,freelance journalist,,15915,2,86.98,Etablierte,synonym,,Etablierte,Etablierte,statut
530,MURPHY,John Thomas,Media,8,editor of The Communist International and The Communist Review,,15920,2,82.12,Enttaeuschte,synonym,,Enttaeuschte,Enttaeuschte,statut
530,MURPHY,John Thomas,Media,9,representative of the Communist Party of Great Britain on the executive committee of the Communist International,,,,,,,,,,
530,MURPHY,John Thomas,Media,10,general secretary of the Socialist League (1934-6),,21110,1,84.88,Etablierte,synonym,yes,Etablierte,Etablierte,statut
530,MURPHY,John Thomas,Media,11,organiser of the People’s Front Propaganda Committee (1936). He returned to the engineering workshop when in his forties,,21110,1,84.88,Etablierte,synonym,yes,Etablierte,Etablierte,statut
537,NUTTALL,Samuel,Media,1,Engaged by uncle as shepherd/farm-boy,13,61220,8,50.88,Enttaeuschte,synonym,,Enttaeuschte,Enttaeuschte,statut
537,NUTTALL,Samuel,Media,2,casual dock labourer,,99910,11,57.34,Enttaeuschte,synonym,,Enttaeuschte,Anwaerter,statut
537,NUTTALL,Samuel,Media,3,cooper,,,,,,,,,,
537,NUTTALL,Samuel,Media,4,sawyer,,,,,,,,,,
537,NUTTALL,Samuel,Media,5,apprenticed self to printer (2 years),,,,,,,,,,
537,NUTTALL,Samuel,Media,6,miner,,,,,,,,,,
537,NUTTALL,Samuel,Media,7,printer (1860-),,92110,7,67.59,Enttaeuschte,synonym,,Enttaeuschte,Etablierte,statut
539,OKEY,Thomas,Art+Media,1,Apprentice and journeyman basket-weaver (1864-82),,,,,,,,,,
539,OKEY,Thomas,Art+Media,2,"master basket-maker (1882-96), combined with literary work and foreign travel",,,,,,,,,,
539,OKEY,Thomas,Art+Media,3,"teacher of Italian, Toynbee Hall (1892- 1901)",,13000,2,82.44,Etablierte,synonym,,Etablierte,(indéterminé),statut
539,OKEY,Thomas,Art+Media,4,assistant examiner in Italian to the Civil Service Commission (1918),,,,,,,,,,
539,OKEY,Thomas,Art+Media,5,"professor of Italian, Cambridge University (1919-28). Accepted commission in 1903 to write “The Story of Venice’ (published as writing and publication of similar works",,13000,2,82.44,Etablierte,synonym,yes,Etablierte,(indéterminé),statut
543,OWEN,Robert,Art+Media,1,Assistant to wholesaler,9,,,,,,,,,
543,OWEN,Robert,Art+Media,2,apprentice to high-class linen draper (1781-5),,41020,3,81.33,,generic,yes,Bewahrende,Etablierte,trajectoire
543,OWEN,Robert,Art+Media,3,assistant in a haberdashery (c.1786-9),,,,,,,,,,
543,OWEN,Robert,Art+Media,4,entered into partnership making ‘mule’ spinning machines (at age 18),,75220,9,48.38,Enttaeuschte,synonym,,Enttaeuschte,Enttaeuschte,statut
543,OWEN,Robert,Art+Media,5,and on own account at age 19 running a small cotton-spinning establishment,,,,,,,,,,
543,OWEN,Robert,Art+Media,6,manager of large cotton mill (1790-1794/5),,21110,1,84.88,Etablierte,synonym,yes,Etablierte,Etablierte,statut
543,OWEN,Robert,Art+Media,7,"entered into business partnership (1794/5), and became part proprietor, and ultimately sole manager of the New Lanark factory in 1797. Set up experimental community in America (1824-9). Returned to England to take active part in the working class movement, touring the country as a lecturer and attending union meetings. Was employed lecturing, writing and organising",,21110,3,84.88,,generic,yes,Etablierte,Etablierte,trajectoire
548,PATERSON,James,Art+Media,1,Stable-boy (c.1815),,,,,,,,,,
548,PATERSON,James,Art+Media,2,farm-boy (1817),,61220,8,50.88,Enttaeuschte,synonym,,Enttaeuschte,Enttaeuschte,statut
548,PATERSON,James,Art+Media,3,apprentice printer (1818-24),,92110,7,67.59,Enttaeuschte,synonym,,Enttaeuschte,Anwaerter,statut
548,PATERSON,James,Art+Media,4,journeyman (1824-6),,,,,,,,,,
548,PATERSON,James,Art+Media,5,set up in business as a stationer and printer (1826-),,,,,,,,,,
548,PATERSON,James,Art+Media,6,co-proprietor of the Kilmarnock Chronicle (1831-2),,41020,3,81.33,Anwaerter,synonym,yes,Anwaerter,Etablierte,statut
548,PATERSON,James,Art+Media,7,Dublin correspondent for the Glasgow Liberator (1835),,15915,2,86.98,Etablierte,synonym,,Etablierte,Etablierte,statut
548,PATERSON,James,Art+Media,8,employed writing the letterpress and many of the biographies for Kay’s ‘Edinburgh Portraits’ (1837- 9),,,,,,,,,,
548,PATERSON,James,Art+Media,9,editor of the Ayr Observer (1839-46),,15920,2,82.12,Enttaeuschte,synonym,,Enttaeuschte,Etablierte,statut
548,PATERSON,James,Art+Media,10,subsequently supported himself by miscellaneous writing,,,,,,,,,,
549,PATON,John,Art+Media,1,"First job was in a newspaper office, nominally attached to the composing room (1899)",,,,,,,,,,
549,PATON,John,Art+Media,2,"apprentice compositor (1900-?), but sacked from this work",,92120,7,61.68,Enttaeuschte,synonym,,Enttaeuschte,Enttaeuschte,statut
549,PATON,John,Art+Media,3,worked briefly in a drapery warehouse before becoming an apprentice baker,,97145,11,56.66,Enttaeuschte,synonym,yes,Enttaeuschte,Enttaeuschte,statut
549,PATON,John,Art+Media,4,"abandoned this trade by age of 16 to work as a lather-boy in a barber’s shop and remained in this trade for most of the period up to 1919, though interrupted by spells selling false teeth and as a milkman",,,,,,,,,,
549,PATON,John,Art+Media,5,"Northern organiser for the Independent Labour Party (1919), becoming the Scottish organiser (1920-4) and the national organiser in 1924",,21110,1,84.88,Etablierte,synonym,yes,Etablierte,Anwaerter,statut
549,PATON,John,Art+Media,6,general secretary of the ILP (1927-33),,21110,1,84.88,Etablierte,synonym,yes,Etablierte,Bewahrende,statut
549,PATON,John,Art+Media,7,editor of the New Leader and the Penal Reformer,,15920,2,82.12,Bewahrende,synonym,,Bewahrende,Bewahrende,statut
549,PATON,John,Art+Media,8,MP (Lab) for Norwich (1945-64),,20110,1,93.36,Etablierte,synonym,,Etablierte,Etablierte,statut
557,PLUMMER,John,Art+Media,1,"Took work to domestic workers for mother, who was acting as a ‘middlewoman’ (1843)",,,,,,,,,,
557,PLUMMER,John,Art+Media,2,errand-boy and general assistant in father’s stay workshop,,37040,9,55.72,Enttaeuschte,synonym,,Enttaeuschte,(indéterminé),statut
557,PLUMMER,John,Art+Media,3,cutter in a stay factory (1853-7),,,,,,,,,,
560,PORTER,Ralph,Media,1,Started work in a ropewalk (1870-86),,,,,,,,,,
560,PORTER,Ralph,Media,2,"casual dock labourer, employed by the Railway Company, and later a checker",,99910,11,57.34,Enttaeuschte,synonym,,Enttaeuschte,(indéterminé),statut
561,POWELL,James Henry,Art+Media,1,Sent to work at the paper mill at an early age,,,,,,,,,,
561,POWELL,James Henry,Art+Media,2,bound apprentice to father,16,,,,,,,,,
561,POWELL,James Henry,Art+Media,3,‘tramping’,,,,,,,,,,
561,POWELL,James Henry,Art+Media,4,employed in flour mill at Watford,,,,,,,,,,
561,POWELL,James Henry,Art+Media,5,in business for a short time selling groceries and Italian wares,,41020,3,81.33,,generic,yes,Bewahrende,Etablierte,trajectoire
561,POWELL,James Henry,Art+Media,6,returned to work as an engineer,,84170,9,66.11,Enttaeuschte,synonym,yes,Enttaeuschte,Enttaeuschte,statut
561,POWELL,James Henry,Art+Media,7,worked for one year for the London and North Western Railway Company at the Wolverton Works,,,,,,,,,,
561,POWELL,James Henry,Art+Media,8,"employed shaping iron at the Canada Works, near Birkenhead",,,,,,,,,,
561,POWELL,James Henry,Art+Media,9,"rented a shop and started in business as a bookseller, but soon forced to return to his trade",,,,,,,,,,
561,POWELL,James Henry,Art+Media,10,"obtained small income by publishing books, selling verse and lecturing",,,,,,,,,,
561,POWELL,James Henry,Art+Media,11,employed at Crewe Railway Works and then at Brighton as a turner,,,,,,,,,,
561,POWELL,James Henry,Art+Media,12,"proprietor of short-lived monthly periodical, Powell’s Domestic Magazine",,41020,3,81.33,Anwaerter,synonym,yes,Anwaerter,Etablierte,statut
561,POWELL,James Henry,Art+Media,13,"opened a small shop for the sale of periodicals and newspapers, but this came to a speedy end",,,,,,,,,,
561,POWELL,James Henry,Art+Media,14,"started in the late 1850s/ early 1860s as a lecturer in Electro-Biology, or mesmerism",,13000,2,82.44,Etablierte,synonym,yes,Etablierte,Etablierte,statut
568,RAGG,Thomas,Art+Media,1,Started work in father’s printing office (1819-22),,92110,7,67.59,Enttaeuschte,synonym,,Enttaeuschte,Enttaeuschte,statut
568,RAGG,Thomas,Art+Media,2,apprenticed to uncle as a hosier (1822- 29?),,,,,,,,,,
568,RAGG,Thomas,Art+Media,3,shopman/bookseller’s assistant (18292-39),,41020,3,81.33,Anwaerter,synonym,yes,Anwaerter,Anwaerter,statut
568,RAGG,Thomas,Art+Media,4,editor of the Birmingham Advertiser (1839- 46?),,15920,2,82.12,Bewahrende,synonym,,Bewahrende,Bewahrende,statut
568,RAGG,Thomas,Art+Media,5,set up in business as a printer and bookseller (1846?-58),,92110,7,67.59,Enttaeuschte,synonym,,Enttaeuschte,Enttaeuschte,statut
568,RAGG,Thomas,Art+Media,6,minister (1858-),,14120,2,97.7,Etablierte,synonym,,Etablierte,Etablierte,statut
572,REAKES,George Leonard,Media,1,Pupil-teacher (1904-7),,13000,2,82.44,Etablierte,synonym,,Etablierte,Enttaeuschte,statut
572,REAKES,George Leonard,Media,2,second-hand bookseller (1907-11),,41020,3,81.33,Bewahrende,synonym,yes,Bewahrende,Enttaeuschte,statut
572,REAKES,George Leonard,Media,3,teacher for the International Correspondence Schools (1911-16),,13000,2,82.44,Etablierte,synonym,,Etablierte,Enttaeuschte,statut
572,REAKES,George Leonard,Media,4,served in Artists’ Rifles OTC (1916-19),,16130,4,84.2,Etablierte,synonym,,Etablierte,Anwaerter,statut
572,REAKES,George Leonard,Media,5,journalist,,15915,2,86.98,Etablierte,synonym,,Etablierte,Anwaerter,statut
572,REAKES,George Leonard,Media,6,newspaper director,,,,,,,,,,
572,REAKES,George Leonard,Media,7,"postal censor (1939-42). MP (Ind), Wallasey (1942-5)",,20110,1,93.36,Etablierte,synonym,,Etablierte,Etablierte,statut
573,REDFERN,Percy,Art+Media,1,Apprentice assistant in draper’s shop (1889),,41020,3,81.33,,generic,yes,Bewahrende,Etablierte,trajectoire
573,REDFERN,Percy,Art+Media,2,remained a shop assistant until 1898 when he became a storekeeper for the Manchester Vegetarian Society,,,,,,,,,,
573,REDFERN,Percy,Art+Media,3,minor commercial traveller,,43220,4,73.55,Bewahrende,synonym,,Enttaeuschte,Enttaeuschte,statut
573,REDFERN,Percy,Art+Media,4,money-lender’s clerk,,39310,5,69.59,,generic,yes,Enttaeuschte,Enttaeuschte,trajectoire
573,REDFERN,Percy,Art+Media,5,"desk clerk at Manchester Co-operative Wholesale Society, becoming sub-editor and then managing editor of that society’s publications, and its historian (to 1938)",,39310,5,69.59,,generic,yes,Bewahrende,Enttaeuschte,trajectoire
581,RICKETTS,Joseph,Media,1,First job was assisting mother and sisters in spinning and carding wool,,,,,,,,,,
581,RICKETTS,Joseph,Media,2,general and agricultural labourer (living-in from age 16),,,,,,,,,,
581,RICKETTS,Joseph,Media,3,skilled rickmaker and thatcher,,,,,,,,,,
581,RICKETTS,Joseph,Media,4,carpenter and ‘wheeller’,,95410,7,53.84,Enttaeuschte,synonym,,Enttaeuschte,Enttaeuschte,statut
581,RICKETTS,Joseph,Media,5,gamekeeper (c.1797),,,,,,,,,,
581,RICKETTS,Joseph,Media,6,land-surveyor,,,,,,,,,,
581,RICKETTS,Joseph,Media,7,"set up shop as printer, and later (1822) as druggist, printer, stationer, bookseller, bookbinder, music seller",,92110,7,67.59,Enttaeuschte,synonym,,Enttaeuschte,Anwaerter,statut
581,RICKETTS,Joseph,Media,8,‘Patent Medecine Vender’,,,,,,,,,,
581,RICKETTS,Joseph,Media,9,dealer in general provisions. He also sold harp strings and performed veterinary services,,41020,3,81.33,Anwaerter,synonym,yes,Anwaerter,Etablierte,statut
582,RIDDELL,Henry Scott,Art,1,"Started work as a cowherd and shepherd at early age, working the summer months and attending school in the winter",,61220,8,50.88,Enttaeuschte,synonym,,Enttaeuschte,(indéterminé),statut
582,RIDDELL,Henry Scott,Art,2,became a licentiate of the Church of Scotland in 1830 and the incumbent of Caerlanrig Chapel in 1833,,,,,,,,,,
582,RIDDELL,Henry Scott,Art,3,"confined to Crichton Royal Institution, Dumfries, for insanity (1841-4)",,,,,,,,,,
582,RIDDELL,Henry Scott,Art,4,"on his discharge he led the life of a recluse, interrupted only by occasional lecturing, and devoted himself to his literary work, maintained by an annual grant from the Duke of Buccleuch",,,,,,,,,,
591,ROBERTS,Robert,Media,1,Farm-boy (farmer’s ‘drudge’),,61220,8,50.88,Enttaeuschte,synonym,,Enttaeuschte,Enttaeuschte,statut
591,ROBERTS,Robert,Media,2,porter,,97145,11,56.66,Enttaeuschte,synonym,yes,Enttaeuschte,Enttaeuschte,statut
591,ROBERTS,Robert,Media,3,schoolteacher,,13000,2,82.44,Etablierte,synonym,,Etablierte,Etablierte,statut
591,ROBERTS,Robert,Media,4,private tutor,,13000,2,82.44,Etablierte,synonym,,Etablierte,Etablierte,statut
591,ROBERTS,Robert,Media,5,ordained deacon (1859),,,,,,,,,,
591,ROBERTS,Robert,Media,6,compelled to give up curacy in 1861,,,,,,,,,,
591,ROBERTS,Robert,Media,7,returned to Wales to work as a private tutor and teacher,,,,,,,,,,
596,ROGERS,Frederick,Media,1,Errand-boy (1856),,37040,9,55.72,Enttaeuschte,synonym,,Enttaeuschte,Enttaeuschte,statut
596,ROGERS,Frederick,Media,2,sandwich-boy,,,,,,,,,,
596,ROGERS,Frederick,Media,3,indoor work at firm of stationers (from 1860),,,,,,,,,,
596,ROGERS,Frederick,Media,4,vellum-binder (to 1884),,,,,,,,,,
596,ROGERS,Frederick,Media,5,commercial traveller for publishing firm (from 1884),,43220,4,73.55,Anwaerter,synonym,,Anwaerter,Etablierte,statut
596,ROGERS,Frederick,Media,6,"returned to the workshop in 1887 as foreman of department of Co-operative Printing Society. Was unemployed for a couple of years in the 1880s, when he worked part-time as ‘hack’ writer for the Press and ‘hack’ for the Liberal Party",,,,,,,,,,
600,ROWLES,George,Art+Media,1,"First job was as a telegraph messenger, then ‘fiddled about at various jobs’ until apprenticed to local printer. Released from apprenticeship at age 19 but remained in the printing industry, except for period of military service (1914-19), in various capacities including compositor",13,37040,9,55.72,Enttaeuschte,synonym,,Enttaeuschte,Enttaeuschte,statut
600,ROWLES,George,Art+Media,2,editorial proof-reader,,,,,,,,,,
600,ROWLES,George,Art+Media,3,freelance journalist and writer,,15915,2,86.98,Etablierte,synonym,,Etablierte,Etablierte,statut
600,ROWLES,George,Art+Media,4,London correspondent for Newspaper News (for 14 years) and editorial work,,15915,2,86.98,Etablierte,synonym,,Etablierte,Etablierte,statut
601,ROYCE,James,Media,1,"Employed in wide variety of unskilled jobs from age 11/12, including in a printer’s",,,,,,,,,,
601,ROYCE,James,Media,2,for a money-lender,,,,,,,,,,
601,ROYCE,James,Media,3,as a newspaper boy,,45240,11,56.72,Enttaeuschte,synonym,,Enttaeuschte,Enttaeuschte,statut
601,ROYCE,James,Media,4,errand-boy,,37040,9,55.72,Enttaeuschte,synonym,,Enttaeuschte,Enttaeuschte,statut
601,ROYCE,James,Media,5,street-seller,,,,,,,,,,
601,ROYCE,James,Media,6,general and day nurse,,,,,,,,,,
601,ROYCE,James,Media,7,motor-van boy,,,,,,,,,,
601,ROYCE,James,Media,8,"roundsman. Enlisted in the cavalry in 1909, serving until 1917. Resumed unskilled employments after 1917, as an indoor messenger, storekeeper and clerk. Obtained skilled work, by deception, as a tool- and gauge-maker. Subsequently worked as a coach-builder, postman and salesman",,39310,5,69.59,,generic,yes,Anwaerter,Etablierte,trajectoire
615,SEXTON,Sir James,Media,1,"First employment was punching holes in clog irons (for 1 week), followed by a job at the local glass works. Stowed away on a sailing ship (1868) and became a sailor",,,,,,,,,,
615,SEXTON,Sir James,Media,2,laboured at a chemical factory (for 3 years),,,,,,,,,,
615,SEXTON,Sir James,Media,3,returned to the sea (until 1877),,98140,11,52.91,Enttaeuschte,synonym,,Enttaeuschte,Enttaeuschte,statut
615,SEXTON,Sir James,Media,4,"casual dock labourer, but was marked out as an agitator and found it difficult to find employment. Worked for a short time as a steamship painter before beginning own business, running a coalyard, with donkey and cart. MP for St. Helens (1918-31)",,99910,11,57.34,Enttaeuschte,synonym,,Enttaeuschte,Etablierte,statut
619,SHAW,Charles,Media,1,Started work as a ‘mould runner’ for a ‘muffin-maker’ in a pot works,7,,,,,,,,,
619,SHAW,Charles,Media,2,handle-maker in pot works,8,,,,,,,,,
619,SHAW,Charles,Media,3,toy-maker at manufactory in Burslem (1842-?),,,,,,,,,,
619,SHAW,Charles,Media,4,local preacher for the Methodist New Connexion church,,14120,2,97.7,Etablierte,synonym,,Etablierte,Etablierte,statut
619,SHAW,Charles,Media,5,spent some years running a cotton-spinning business before returning to work for the church,,75220,9,48.38,Enttaeuschte,synonym,,Enttaeuschte,Enttaeuschte,statut
619,SHAW,Charles,Media,6,leader-writer for the radical Oldham Express. Retired in 1904,,15120,2,79.8,Anwaerter,synonym,,Anwaerter,Anwaerter,statut
620,SHAW,Sam,Media,1,Domestic poverty caused author to work at early age in ‘sweated’ trade of carding hooks and eyes and also as a street-seller of matches,8,,,,,,,,,
620,SHAW,Sam,Media,2,"committed to Industrial School for street-trading, where he trained as a tailor",,,,,,,,,,
620,SHAW,Sam,Media,3,served out his sentence on a farm in Wales (1898- 1900),,,,,,,,,,
620,SHAW,Sam,Media,4,farm-boy (1900-4),,61220,8,50.88,Enttaeuschte,synonym,,Enttaeuschte,Enttaeuschte,statut
620,SHAW,Sam,Media,5,"miner’s assistant (1904-6), and a full collier within two years (to 1925)",,,,,,,,,,
620,SHAW,Sam,Media,6,made a living from writing and propaganda work,,,,,,,,,,
620,SHAW,Sam,Media,7,employed by a ‘big London organisation’ as a lecturer (1927),,,,,,,,,,
620,SHAW,Sam,Media,8,book salesman (1931-4),,43220,4,73.55,Anwaerter,synonym,,Anwaerter,Etablierte,statut
620,SHAW,Sam,Media,9,soap-box orator (1937-),,,,,,,,,,
632,SMITH,Charles Manby,Media,1,Printer’s devil (1817-18),,92110,7,67.59,Enttaeuschte,synonym,,Enttaeuschte,Enttaeuschte,statut
632,SMITH,Charles Manby,Media,2,apprentice printer (1819-26),,92110,7,67.59,Enttaeuschte,synonym,,Enttaeuschte,Enttaeuschte,statut
632,SMITH,Charles Manby,Media,3,"journeyman printer/compositor, and eventually a printer’s reader, though periodically leaving the trade to work as an English tutor to the Parisian middle classes (1828)",,92110,7,67.59,Enttaeuschte,synonym,,Enttaeuschte,Enttaeuschte,statut
632,SMITH,Charles Manby,Media,4,"teacher/usher at grammar school (1834-5). No detail is provided of his career after 1840, though he derived some income from his various publications",,13000,2,82.44,Etablierte,synonym,,Etablierte,Etablierte,statut
638,SMITH,Mary,Art+Media,1,"Managed, with her brother, a grocery and provision shop",,41020,3,81.33,,generic,yes,Bewahrende,Enttaeuschte,trajectoire
638,SMITH,Mary,Art+Media,2,"housekeeper/nursemaid/governess (1842-), combined with school teaching",,13000,2,82.44,Etablierte,synonym,,Etablierte,Etablierte,statut
638,SMITH,Mary,Art+Media,3,set up her own school in 1852,,,,,,,,,,
645,SOMERVILLE,Alexander,Art+Media,1,Variously employed as farm labourer (c.1823),,99910,11,57.34,Enttaeuschte,synonym,,Enttaeuschte,Enttaeuschte,statut
645,SOMERVILLE,Alexander,Art+Media,2,lime-kiln worker,,,,,,,,,,
645,SOMERVILLE,Alexander,Art+Media,3,wood sawyer (1827),,,,,,,,,,
645,SOMERVILLE,Alexander,Art+Media,4,drain-digger,,,,,,,,,,
645,SOMERVILLE,Alexander,Art+Media,5,stone quarry worker,,,,,,,,,,
645,SOMERVILLE,Alexander,Art+Media,6,soldier (1831),,,,,,,,,,
645,SOMERVILLE,Alexander,Art+Media,7,shopkeeper (1833),,41020,3,81.33,Anwaerter,synonym,yes,Anwaerter,Etablierte,statut
645,SOMERVILLE,Alexander,Art+Media,8,journalist,,15915,2,86.98,Etablierte,synonym,,Etablierte,Etablierte,statut
647,SOUTTER,Francis William,Media,1,‘Learner’ at sawmills (1856-61),,,,,,,,,,
647,SOUTTER,Francis William,Media,2,apprentice carpenter and joiner (1861-4),,95410,7,53.84,Enttaeuschte,synonym,,Enttaeuschte,Enttaeuschte,statut
647,SOUTTER,Francis William,Media,3,worked in partnership in business,,,,,,,,,,
647,SOUTTER,Francis William,Media,4,saw-operator and general superintendent at sawmill,,,,,,,,,,
647,SOUTTER,Francis William,Media,5,manager of sawmill,,21110,1,84.88,Etablierte,synonym,yes,Etablierte,Etablierte,statut
647,SOUTTER,Francis William,Media,6,"proprietor of weekly newspaper, The Radical (1881-2)",,41020,3,81.33,Enttaeuschte,synonym,yes,Enttaeuschte,Etablierte,statut
647,SOUTTER,Francis William,Media,7,deputy manager of sawmill(1882-?),,21110,1,84.88,Etablierte,synonym,yes,Etablierte,Etablierte,statut
647,SOUTTER,Francis William,Media,8,speaker for the Free Trade Union (1903-14),,,,,,,,,,
649,SPENCER,Frederick Herbert,Media,1,Pupil-teacher and part-time library assistant (1886-91),,13000,2,82.44,Etablierte,synonym,,Etablierte,(indéterminé),statut
649,SPENCER,Frederick Herbert,Media,2,teacher (1894-99),,13000,2,82.44,Etablierte,synonym,,Etablierte,(indéterminé),statut
649,SPENCER,Frederick Herbert,Media,3,"worked with Sidney and Beatrice Webb, researching into British Local Government (1899-1903, full- time), combined with some teaching and journalism (1903-5)",,,,,,,,,,
649,SPENCER,Frederick Herbert,Media,4,head of Day Department at City of London College (1906-12),,,,,,,,,,
649,SPENCER,Frederick Herbert,Media,5,HM Inspector of Schools (1912-22),,,,,,,,,,
649,SPENCER,Frederick Herbert,Media,6,"Chief Inspector under the London Education Committee, from 1922 until retirement in 1933",,,,,,,,,,
652,SPRING,Howard,Art+Media,1,Butcher’s errand-boy,12,77940,9,58.74,Enttaeuschte,synonym,,Enttaeuschte,Enttaeuschte,statut
652,SPRING,Howard,Art+Media,2,office-boy,12,37040,9,55.72,Enttaeuschte,synonym,,Enttaeuschte,Enttaeuschte,statut
652,SPRING,Howard,Art+Media,3,"messenger-boy for a Cardiff newspaper, then journalist",13,37040,9,55.72,Enttaeuschte,synonym,,Enttaeuschte,Enttaeuschte,statut
652,SPRING,Howard,Art+Media,4,"journalist for the Yorkshire Observer, the Manchester Guardian (for 15 years)",22,15915,2,86.98,Etablierte,synonym,,Etablierte,Etablierte,statut
652,SPRING,Howard,Art+Media,5,employed by the Beaverbrook Press (1931-),,,,,,,,,,
657,STAMPER,Joseph,Art,1,Left school at age 13 to work in a newspaper office,,,,,,,,,,
657,STAMPER,Joseph,Art,2,moved from there to a glass works,,,,,,,,,,
657,STAMPER,Joseph,Art,3,served his time as a moulder,,,,,,,,,,
657,STAMPER,Joseph,Art,4,then employed by a magazine and newspaper combine,,,,,,,,,,
660,STANLEY,Henry Morton,Art+Media,1,Given employment by cousin as a pupil-teacher at Brynford (1856),,,,,,,,,,
660,STANLEY,Henry Morton,Art+Media,2,assisted aunt who kept a farm and an inn,,,,,,,,,,
660,STANLEY,Henry Morton,Art+Media,3,assistant in haberdasher’s shop,,,,,,,,,,
660,STANLEY,Henry Morton,Art+Media,4,butcher’s boy,,77940,9,58.74,Enttaeuschte,synonym,,Enttaeuschte,Enttaeuschte,statut
660,STANLEY,Henry Morton,Art+Media,5,cabin-boy,,,,,,,,,,
660,STANLEY,Henry Morton,Art+Media,6,"store assistant (in America, taking name of Henry Stanley from his employer and adopted father)",,,,,,,,,,
660,STANLEY,Henry Morton,Art+Media,7,fought in the American Civil War (1861-5),,,,,,,,,,
660,STANLEY,Henry Morton,Art+Media,8,journalist and correspondent,,15915,2,86.98,Etablierte,synonym,,Etablierte,Etablierte,statut
660,STANLEY,Henry Morton,Art+Media,9,established world-wide reputation as an explorer,,,,,,,,,,
660,STANLEY,Henry Morton,Art+Media,10,lecturer,,13000,2,82.44,Etablierte,synonym,yes,Etablierte,Enttaeuschte,statut
660,STANLEY,Henry Morton,Art+Media,11,author,,15120,2,79.8,Bewahrende,synonym,,Bewahrende,Bewahrende,statut
660,STANLEY,Henry Morton,Art+Media,12,MP for N.Lambeth (1895-1900),,20110,1,93.36,Etablierte,synonym,,Etablierte,Etablierte,statut
665,STEWART,Robert,Art+Media,1,"Half-time ‘shifter’ in a jute mill, combined with ‘chapping’ (i.e. knocking-up people for work)",10,,,,,,,,,
665,STEWART,Robert,Art+Media,2,full-time mill worker,13,,,,,,,,,
665,STEWART,Robert,Art+Media,3,"apprentice joiner, becoming a journeyman c.1897",,95420,7,53.84,Enttaeuschte,synonym,,Enttaeuschte,Enttaeuschte,statut
665,STEWART,Robert,Art+Media,4,full-time organiser of the Scottish Prohibition Party and part-time editor of the Prohibitionist,,21110,1,84.88,Etablierte,synonym,yes,Etablierte,Etablierte,statut
665,STEWART,Robert,Art+Media,5,"full-time activist for the Prohibition and Reform Party (later, the Socialist Prohibition Fellowship)",,,,,,,,,,
665,STEWART,Robert,Art+Media,6,Scottish organiser for the British Communist Party (1921-),,21110,1,84.88,Etablierte,synonym,yes,Etablierte,Etablierte,statut
672,STOTT,Benjamin,Art+Media,1,Apprentice bookbinder (1827-34),,,,,,,,,,
672,STOTT,Benjamin,Art+Media,2,journeyman (1834-),,,,,,,,,,
676,SUMMERBELL,Thomas,Media,1,‘Weekend-boy’ in barber shop and errand-boy to a grocer,12,41020,3,81.33,,generic,yes,Bewahrende,Bewahrende,trajectoire
676,SUMMERBELL,Thomas,Media,2,apprentice printer (1874-81),,92110,7,67.59,Enttaeuschte,synonym,,Enttaeuschte,Enttaeuschte,statut
676,SUMMERBELL,Thomas,Media,3,journeyman printer,,92110,7,67.59,Enttaeuschte,synonym,,Enttaeuschte,Enttaeuschte,statut
676,SUMMERBELL,Thomas,Media,4,journalist,,15915,2,86.98,Etablierte,synonym,,Etablierte,Anwaerter,statut
676,SUMMERBELL,Thomas,Media,5,started own printing business (1894),,92110,7,67.59,Enttaeuschte,synonym,,Enttaeuschte,Enttaeuschte,statut
676,SUMMERBELL,Thomas,Media,6,MP for Sunderland (1906-10),,20110,1,93.36,Etablierte,synonym,,Etablierte,Etablierte,statut
683,TAYLOR,Allan K.,Art+Media,1,"Started to earn own living at age 8 by selling newspapers, delivering milk and cleaning out herring boats",,,,,,,,,,
683,TAYLOR,Allan K.,Art+Media,2,ran away to sea at age 12,,,,,,,,,,
683,TAYLOR,Allan K.,Art+Media,3,assistant in pork butcher’s shop,13,,,,,,,,,
683,TAYLOR,Allan K.,Art+Media,4,apprentice on a Swansea Copper Oresman,14,,,,,,,,,
683,TAYLOR,Allan K.,Art+Media,5,enlisted in the army ( 1907),,,,,,,,,,
683,TAYLOR,Allan K.,Art+Media,6,postman (c.1910),,,,,,,,,,
683,TAYLOR,Allan K.,Art+Media,7,joined the British South Africa Police in 1912,,,,,,,,,,
683,TAYLOR,Allan K.,Art+Media,8,employed in various occupations in South Africa (1919-22),,,,,,,,,,
683,TAYLOR,Allan K.,Art+Media,9,"travelling book salesman (1926), and subsequently employed as a salesman for miscellaneous items",,43220,4,73.55,Bewahrende,synonym,,Bewahrende,(indéterminé),statut
683,TAYLOR,Allan K.,Art+Media,10,was destitute and homeless in 1932 but by the following year was a successful author and soon to become a freelance journalist and broadcaster,,,,,,,,,,
688,TAYLOR,John Wilkinson,Media,1,"Began employment as a newspaper-seller (at age 9), and then as grocer’s errand-boy before becoming apprenticed to a blacksmith",,41020,3,81.33,,generic,yes,Bewahrende,Bewahrende,trajectoire
688,TAYLOR,John Wilkinson,Media,2,"colliery blacksmith, subsequently working at the coal face",,83110,7,55.31,Enttaeuschte,synonym,,Enttaeuschte,Enttaeuschte,statut
688,TAYLOR,John Wilkinson,Media,3,part proprietor at printing business,,41020,3,81.33,Anwaerter,synonym,yes,Anwaerter,Anwaerter,statut
688,TAYLOR,John Wilkinson,Media,4,MP for Chester-le-Street (1906-19),,20110,1,93.36,Etablierte,synonym,,Etablierte,Etablierte,statut
700,THOMPSON,Bonar,Media,1,Errand-boy (1901),,37040,9,55.72,Enttaeuschte,synonym,,Enttaeuschte,Enttaeuschte,statut
700,THOMPSON,Bonar,Media,2,van-boy (1902),,37040,9,55.72,Enttaeuschte,synonym,,Enttaeuschte,Enttaeuschte,statut
700,THOMPSON,Bonar,Media,3,"grocer’s boy (c.1902): oiler and greaser, then assistant brake fitter in carriage and wagon department of the Great Central Railway (1904-8)",,41020,3,81.33,Anwaerter,synonym,yes,Anwaerter,Etablierte,statut
700,THOMPSON,Bonar,Media,4,"public orator, making a living from collections though also supplemented by begging",,,,,,,,,,
700,THOMPSON,Bonar,Media,5,fortune-teller,,,,,,,,,,
700,THOMPSON,Bonar,Media,6,quarryman in a conscientious objector’s camp in Aberdeen (c.1916-20),,,,,,,,,,
700,THOMPSON,Bonar,Media,7,‘quack’ doctor and birth-control advocate (1919-20),,,,,,,,,,
700,THOMPSON,Bonar,Media,8,returned to platform as advocate of revolutionary socialism (c.1922/4),,,,,,,,,,
700,THOMPSON,Bonar,Media,9,abandoned the open socialist platform to speak freelance and politically unattached (1926-),,,,,,,,,,
706,THOMPSON,Thomas,Art+Media,1,Half-timer in cotton mill at age 10,,,,,,,,,,
706,THOMPSON,Thomas,Art+Media,2,errand-boy,,37040,9,55.72,Enttaeuschte,synonym,,Enttaeuschte,Enttaeuschte,statut
706,THOMPSON,Thomas,Art+Media,3,worked in printing establishment and learned bookbinding,,92110,7,67.59,Enttaeuschte,synonym,,Enttaeuschte,Anwaerter,statut
706,THOMPSON,Thomas,Art+Media,4,writer,,15120,2,79.8,Anwaerter,synonym,,Anwaerter,Etablierte,statut
706,THOMPSON,Thomas,Art+Media,5,novelist,,15120,2,79.8,Bewahrende,synonym,,Bewahrende,Etablierte,statut
706,THOMPSON,Thomas,Art+Media,6,script-writer,,15120,2,79.8,Bewahrende,synonym,,Bewahrende,Etablierte,statut
706,THOMPSON,Thomas,Art+Media,7,broadcaster,,,,,,,,,,
712,TODD,Adam Brown,Art+Media,1,Ploughboy and farm-boy (1835),,61220,8,50.88,Enttaeuschte,synonym,,Enttaeuschte,Enttaeuschte,statut
712,TODD,Adam Brown,Art+Media,2,"‘washer-off` in a tileworks (1838), becoming a moulder, tile-burner and assistant manager",,21110,3,84.88,,generic,yes,Etablierte,Etablierte,trajectoire
712,TODD,Adam Brown,Art+Media,3,in partnership with brother-in-law owning a brick and tile works at Dalquharran,,,,,,,,,,
712,TODD,Adam Brown,Art+Media,4,started a successful literary and journalistic career in 1864 as a newspaper correspondent and author. Worked as a journalist for more than 60 years,,,,,,,,,,
714,TOMLINSEN,H. M.,Media,1,Clerk in a firm of manufacturers and traders,13,39310,5,69.59,,generic,yes,Bewahrende,Enttaeuschte,trajectoire
714,TOMLINSEN,H. M.,Media,2,journalist,,15915,2,86.98,Etablierte,synonym,,Etablierte,Etablierte,statut
721,TURNER,Ben,Media,1,Assistant to aunt and other domestic hand-loom weavers,9,,,,,,,,,
721,TURNER,Ben,Media,2,half-timer in the mill,10,,,,,,,,,
721,TURNER,Ben,Media,3,full-time mill worker,13,,,,,,,,,
721,TURNER,Ben,Media,4,"supplemented income during periods of unemployment by journalism for various radical newspapers, and as a drapery salesman and insurance agent",,45230,11,51.9,,generic,yes,Enttaeuschte,Enttaeuschte,trajectoire
721,TURNER,Ben,Media,5,from 1889 was employed on the Yorkshire Factory Times and the Workman‘s Times,,,,,,,,,,
721,TURNER,Ben,Media,6,paid trade union official from 1922,,21110,1,84.88,Etablierte,synonym,yes,Etablierte,Anwaerter,statut
721,TURNER,Ben,Media,7,"MP for Dewsbury (1922-4, 1929-31)",,20110,1,93.36,Etablierte,synonym,,Etablierte,Etablierte,statut
725,WALLACE,Edgar (Richard Horatio),Art+Media,1,"Worked at various jobs between the ages of 12 and 18, including a printer’s boy",,,,,,,,,,
725,WALLACE,Edgar (Richard Horatio),Art+Media,2,newsboy,,45240,11,56.72,Enttaeuschte,synonym,,Enttaeuschte,Enttaeuschte,statut
725,WALLACE,Edgar (Richard Horatio),Art+Media,3,in a shoe shop,,,,,,,,,,
725,WALLACE,Edgar (Richard Horatio),Art+Media,4,in a mackintosh cloth factory,,,,,,,,,,
725,WALLACE,Edgar (Richard Horatio),Art+Media,5,on a Grimsby trawler,,,,,,,,,,
725,WALLACE,Edgar (Richard Horatio),Art+Media,6,as a milk roundsman,,,,,,,,,,
725,WALLACE,Edgar (Richard Horatio),Art+Media,7,road-maker,,,,,,,,,,
725,WALLACE,Edgar (Richard Horatio),Art+Media,8,builder’s labourer,,99910,11,57.34,Enttaeuschte,synonym,,Enttaeuschte,Enttaeuschte,statut
725,WALLACE,Edgar (Richard Horatio),Art+Media,9,enlisted in the army when aged 18,18,,,,,,,,,
725,WALLACE,Edgar (Richard Horatio),Art+Media,10,later became a correspondent for Reuters and for the Daily Mail,,15915,2,86.98,Etablierte,synonym,,Etablierte,Etablierte,statut
725,WALLACE,Edgar (Richard Horatio),Art+Media,11,editor of Rand Daily Mail (1902),,15920,2,82.12,Enttaeuschte,synonym,,Enttaeuschte,Etablierte,statut
725,WALLACE,Edgar (Richard Horatio),Art+Media,12,"returned to England and worked for the Daily Mail, established himself as a distinguished novelist, playwright and journalist",,,,,,,,,,
729,WARDLE,George James,Art+Media,1,A Half-timer in woollen factory (1873-8),,,,,,,,,,
729,WARDLE,George James,Art+Media,2,full-timer (1878-80),,,,,,,,,,
729,WARDLE,George James,Art+Media,3,clerk at Midland Railway Company (1880-95),,39310,5,69.59,,generic,yes,Bewahrende,Enttaeuschte,trajectoire
729,WARDLE,George James,Art+Media,4,editor of Keighley Labour Journal (1893-7),,15920,2,82.12,Bewahrende,synonym,,Anwaerter,Etablierte,statut
729,WARDLE,George James,Art+Media,5,editor of Railway Review (1897-1918),,15920,2,82.12,Bewahrende,synonym,,Bewahrende,Etablierte,statut
729,WARDLE,George James,Art+Media,6,"parliamentary secretary to Board of Trade, and later, Ministry of Labour (from 1917). Elected Labour MP for Stockport in 1906. Resigned his office and parliamentary seat in 1920 owing to ill-health",,21110,1,84.88,Etablierte,synonym,yes,Etablierte,Etablierte,statut
735,WATSON,James,Media,1,"At age 12 was bound to clergyman as general servant, but indentures cancelled after 6 years owing to death of master’s wife",,,,,,,,,,
735,WATSON,James,Media,2,warehouseman at drysalter’s (c.1817-22),,97145,11,56.66,Enttaeuschte,synonym,yes,Enttaeuschte,Enttaeuschte,statut
735,WATSON,James,Media,3,"shopman to Mr. Carlile, and later manager of his business (1822-6), though interrupted by periods of imprisonment for selling liberal and freethinking literature",,21110,3,84.88,,generic,yes,Etablierte,Etablierte,trajectoire
735,WATSON,James,Media,4,compositor (1826-8),,92120,7,61.68,Enttaeuschte,synonym,,Enttaeuschte,Enttaeuschte,statut
735,WATSON,James,Media,5,manager of a co-operative store (1828-9),,21110,1,84.88,Etablierte,synonym,yes,Etablierte,Etablierte,statut
735,WATSON,James,Media,6,bookseller (1830),,41020,3,81.33,Enttaeuschte,synonym,yes,Enttaeuschte,Etablierte,statut
735,WATSON,James,Media,7,printer and publisher (1831-),,92110,7,67.59,Enttaeuschte,synonym,,Enttaeuschte,Enttaeuschte,statut
736,WATSON,Lewis,Media,1,Part-time errand-boy,,,,,,,,,,
736,WATSON,Lewis,Media,2,garden-boy (1880),,,,,,,,,,
736,WATSON,Lewis,Media,3,school monitor (1881),,,,,,,,,,
736,WATSON,Lewis,Media,4,"apprentice builder (1882), remaining in the same trade for the rest of his working life",,,,,,,,,,
736,WATSON,Lewis,Media,5,"clerk of works, supervising the erection of a spinning mill (1905)",,39310,5,69.59,,generic,yes,Bewahrende,Enttaeuschte,trajectoire
736,WATSON,Lewis,Media,6,"appointed first manager of Manchester Corporation Direct Works Department (1920-3), and then held the same post in Barnsley",,21110,1,84.88,Etablierte,synonym,yes,Etablierte,Etablierte,statut
741,WELCH,Charles Henry. An Autobiography,Media,1,Employed in a tea broker’s establishment (1894),,,,,,,,,,
741,WELCH,Charles Henry. An Autobiography,Media,2,leather-bag maker (1895-1904),,,,,,,,,,
741,WELCH,Charles Henry. An Autobiography,Media,3,appointed secretary of the Bible Training College (1904),,21110,1,84.88,Etablierte,synonym,yes,Etablierte,Etablierte,statut
741,WELCH,Charles Henry. An Autobiography,Media,4,editor of the Berean Expositor for more than 50 years,,15920,2,82.12,Bewahrende,synonym,,Bewahrende,Enttaeuschte,statut
741,WELCH,Charles Henry. An Autobiography,Media,5,"Principal of the Chapel of the Opened Book, Finsbury Square, London",,,,,,,,,,
742,WELLOCK,Wilfred,Art+Media,1,"Half-timer in cotton mill (1889-92), and full-time at age 13",,,,,,,,,,
742,WELLOCK,Wilfred,Art+Media,2,rose to position of undermanager in the mill,,,,,,,,,,
742,WELLOCK,Wilfred,Art+Media,3,"returned to work in the mill part-time after leaving university, combined with part-time teaching and lecturing for local Co-operative Societies and churches",,,,,,,,,,
742,WELLOCK,Wilfred,Art+Media,4,"worked for some years for the Independent Labour Party, supported by his wife, a music teacher and popular soloist",,,,,,,,,,
742,WELLOCK,Wilfred,Art+Media,5,MP for Stourbridge (1927-31),,20110,1,93.36,Etablierte,synonym,,Etablierte,(indéterminé),statut
742,WELLOCK,Wilfred,Art+Media,6,"joint managing director of Peace News, to which he regularly contributed (1940-)",,,,,,,,,,
744,WELTON,C. J.,Media,1,First job was in the gardening department of a seed warehouse,,,,,,,,,,
744,WELTON,C. J.,Media,2,gardener’ s assistant,,62740,12,53.25,Enttaeuschte,synonym,,Enttaeuschte,(indéterminé),statut
744,WELTON,C. J.,Media,3,post office employee (c.1873-1887),,,,,,,,,,
744,WELTON,C. J.,Media,4,entered business on own account as bookseller and publisher,,,,,,,,,,
750,WHITEHOUSE,Samuel Henry,Media,1,Started work in the pit as a door-boy before the age of 9,,,,,,,,,,
750,WHITEHOUSE,Samuel Henry,Media,2,"a pony-driver by the age of 12, and a ‘full-blown’ collier by the age of 16",,,,,,,,,,
750,WHITEHOUSE,Samuel Henry,Media,3,subsequently elected checkweighman,,,,,,,,,,
750,WHITEHOUSE,Samuel Henry,Media,4,agent for the Somerset miners (1888-1917),,45230,11,51.9,,generic,yes,Enttaeuschte,(indéterminé),trajectoire
756,WILKINSON,Dyke,Art+Media,1,"Employed as a button-cobber at age 7, followed by some time spent in a brass foundry",,,,,,,,,,
756,WILKINSON,Dyke,Art+Media,2,"apprenticed to a rule-maker for 8 1/2 years (at age 12 1/2) but cancelled indentures
prematurely",,,,,,,,,,
756,WILKINSON,Dyke,Art+Media,3,worked for a time as a rule-maker before entering into partnership as a manufacturing jeweller,,,,,,,,,,
756,WILKINSON,Dyke,Art+Media,4,commercial traveller,,43220,4,73.55,Bewahrende,synonym,,Bewahrende,(indéterminé),statut
756,WILKINSON,Dyke,Art+Media,5,undertook various business ventures,,,,,,,,,,
756,WILKINSON,Dyke,Art+Media,6,"bookmaker at race-meetings for much of adult working life, but also engaged in numerous commercial undertakings and running a newspaper, for which he did much of the writing and editing",,,,,,,,,,
756,WILKINSON,Dyke,Art+Media,7,was also a direotor of two public companies,,,,,,,,,,
762,Willis,Frederick,Art,1,Reading-boy at publishing house,14,37040,9,55.72,Enttaeuschte,synonym,,Enttaeuschte,Enttaeuschte,statut
762,Willis,Frederick,Art,2,silk hatter (from age 14),,,,,,,,,,
762,Willis,Frederick,Art,3,assistant manager in a hat manufactory,24,21110,3,84.88,,generic,yes,Etablierte,Etablierte,trajectoire
763,WILSON,Benjamin,Media,1,"Began work ‘when very young milking cows’‚ then farm-boy during day and in a card shop, carding teeth, by night. Later worked as a bobbin-winder (c.1838)",,,,,,,,,,
763,WILSON,Benjamin,Media,2,woollen weaver,,75430,9,50.74,Enttaeuschte,synonym,,Enttaeuschte,Enttaeuschte,statut
763,WILSON,Benjamin,Media,3,comber,,,,,,,,,,
763,WILSON,Benjamin,Media,4,railway navvy,,99910,11,57.34,Enttaeuschte,synonym,,Enttaeuschte,Etablierte,statut
763,WILSON,Benjamin,Media,5,quarryman,,,,,,,,,,
763,WILSON,Benjamin,Media,6,"and, finally, as an expert horticulturalist",,,,,,,,,,
768,WILSON,Joseph Havelock,Media,1,Part-time newsboy,6,45240,11,56.72,Enttaeuschte,synonym,,Enttaeuschte,Enttaeuschte,statut
768,WILSON,Joseph Havelock,Media,2,grocer’s errand-boy,8,41020,3,81.33,Anwaerter,synonym,yes,Anwaerter,Anwaerter,statut
768,WILSON,Joseph Havelock,Media,3,printer’s devil,9,92110,7,67.59,Enttaeuschte,synonym,,Enttaeuschte,Enttaeuschte,statut
768,WILSON,Joseph Havelock,Media,4,"apprenticed to a lithographic printer, but ran away to sea after a few mouths",13,92110,7,67.59,Enttaeuschte,synonym,,Enttaeuschte,Bewahrende,statut
768,WILSON,Joseph Havelock,Media,5,apprentice seaman,,98140,11,52.91,Enttaeuschte,synonym,,Enttaeuschte,Enttaeuschte,statut
768,WILSON,Joseph Havelock,Media,6,"worked for 11 years as a boy steward, cook and able seaman",,,,,,,,,,
768,WILSON,Joseph Havelock,Media,7,served for 5 years in the Royal Naval Reserve,,,,,,,,,,
768,WILSON,Joseph Havelock,Media,8,opened a small ‘cook shop’ in Monkwearmouth (1882),,,,,,,,,,
768,WILSON,Joseph Havelock,Media,9,opened ‘Wilson’s Temperance Hotel and Dining Rooms’ in Sunderland (1884),,,,,,,,,,
768,WILSON,Joseph Havelock,Media,10,"general secretary of the National Amalgamated Seamen’s and Firemen’s Union of Great Britain and Ireland (1887-94), and then president of the new union from 1894",,21110,1,84.88,Etablierte,synonym,yes,Etablierte,Anwaerter,statut
768,WILSON,Joseph Havelock,Media,11,MP for Middlesbrough (1892-1900,,20110,1,93.36,Etablierte,synonym,,Etablierte,Etablierte,statut
768,WILSON,Joseph Havelock,Media,12,"1906-10), and for South Shields (1918-22)",,,,,,,,,,
771,WOOD,John,Art+Media,1,"At age 6 was sent to a cotton factory, but taken away by mother because of the beatings received there",,,,,,,,,,
771,WOOD,John,Art+Media,2,"put to the loom at about age 11, working first a cotton loom then ‘promoted’ to a worsted loom (for ‘a number of years’)",,,,,,,,,,
771,WOOD,John,Art+Media,3,"schoolmaster (for 14 years), interrupted by spells when he ran own grocery shop and worked as assistant overseer to the poor. Then was engaged to compile the first Directory of Bradford (1845), and later became agent and correspondent for various provincial newspapers, becoming a regular journalist (for 5 years), and then reporter to the West Riding magistrates (for 25 years)",,13000,2,82.44,Etablierte,synonym,,Etablierte,(indéterminé),statut
776,WRIGHT,William,Art+Media,1,"It was said of the author that he had been ‘everything by turns, and nothing long’. First job was as a warp-dresser, an occupation which he frequently fell back on when seeking work. Also worked as a sailor",,,,,,,,,,
776,WRIGHT,William,Art+Media,2,apprentice to a mason,,,,,,,,,,
776,WRIGHT,William,Art+Media,3,player with a travelling theatre company,,,,,,,,,,
776,WRIGHT,William,Art+Media,4,"scenic artist, advance agent and stage manager for a marionette showman",,16130,4,84.2,Etablierte,synonym,,Etablierte,Etablierte,statut
776,WRIGHT,William,Art+Media,5,itinerant showman,,,,,,,,,,
776,WRIGHT,William,Art+Media,6,dock labourer,,99910,11,57.34,Enttaeuschte,synonym,,Enttaeuschte,Enttaeuschte,statut
776,WRIGHT,William,Art+Media,7,enlisted in the army (3 years),,,,,,,,,,
776,WRIGHT,William,Art+Media,8,Volunteer,,,,,,,,,,
776,WRIGHT,William,Art+Media,9,contributed articles and stories to the Bradford Observer,,15915,2,86.98,Etablierte,synonym,,Etablierte,Etablierte,statut
776,WRIGHT,William,Art+Media,10,joint-editor of the Keighley Spectator,,15920,2,82.12,Enttaeuschte,synonym,,Enttaeuschte,Etablierte,statut
776,WRIGHT,William,Art+Media,11,ran a grocer’s shop (pre 1872),,41020,3,81.33,Bewahrende,synonym,yes,Bewahrende,Etablierte,statut
776,WRIGHT,William,Art+Media,12,pattern-dresser (1 year),,,,,,,,,,
776,WRIGHT,William,Art+Media,13,warp-sizing inspector,,,,,,,,,,
776,WRIGHT,William,Art+Media,14,‘bum’ bailiff to an auctioneer,,,,,,,,,,
776,WRIGHT,William,Art+Media,15,inventor,,,,,,,,,,
